{"measurement 5":{"ap9":{"capabilities":"[WPA2-PSK-CCMP][WPS][ESS]","level":-80,"frequency":2437,"BSSID":"54:04:a6:8f:f2:f2","SSID":"ILABWiFi"},"ap8":{"capabilities":"[ESS]","level":-78,"frequency":2412,"BSSID":"00:27:0d:08:be:80","SSID":"aalto open"},"ap7":{"capabilities":"[WPA2-EAP-CCMP][ESS]","level":-81,"frequency":2412,"BSSID":"00:27:0d:08:be:81","SSID":"eduroam"},"ap11":{"capabilities":"[ESS]","level":-88,"frequency":2462,"BSSID":"00:22:55:75:48:a0","SSID":"aalto open"},"ap10":{"capabilities":"[WPA2-PSK-CCMP][ESS]","level":-83,"frequency":2427,"BSSID":"30:85:a9:6c:9b:e2","SSID":"Ren_2.4G"},"ap2":{"capabilities":"[WPA2-PSK-CCMP-preauth][ESS]","level":-91,"frequency":2412,"BSSID":"00:1d:7e:fc:31:06","SSID":"NFC"},"ap1":{"capabilities":"[WPA2-EAP-CCMP][ESS]","level":-89,"frequency":2437,"BSSID":"00:27:0d:2d:dd:c1","SSID":"eduroam"},"ap6":{"capabilities":"[WPA-PSK-TKIP][WPS][ESS]","level":-91,"frequency":2427,"BSSID":"00:18:84:88:bf:88","SSID":"MyPlace"},"ap5":{"capabilities":"[WPA2-EAP-CCMP][ESS]","level":-87,"frequency":2462,"BSSID":"00:27:0d:2d:d0:71","SSID":"eduroam"},"ap4":{"capabilities":"[ESS]","level":-85,"frequency":2462,"BSSID":"00:27:0d:2d:d0:70","SSID":"aalto open"},"ap3":{"capabilities":"[ESS]","level":-86,"frequency":2437,"BSSID":"00:27:0d:2d:dd:c0","SSID":"aalto open"}},"measurement 4":{"ap9":{"capabilities":"[WPA2-PSK-CCMP][WPS][ESS]","level":-80,"frequency":2437,"BSSID":"54:04:a6:8f:f2:f2","SSID":"ILABWiFi"},"ap8":{"capabilities":"[ESS]","level":-79,"frequency":2412,"BSSID":"00:27:0d:08:be:80","SSID":"aalto open"},"ap7":{"capabilities":"[WPA2-EAP-CCMP][ESS]","level":-80,"frequency":2412,"BSSID":"00:27:0d:08:be:81","SSID":"eduroam"},"ap11":{"capabilities":"[ESS]","level":-88,"frequency":2462,"BSSID":"00:22:55:75:48:a0","SSID":"aalto open"},"ap10":{"capabilities":"[WPA2-PSK-CCMP][ESS]","level":-85,"frequency":2427,"BSSID":"30:85:a9:6c:9b:e2","SSID":"Ren_2.4G"},"ap2":{"capabilities":"[WPA2-PSK-CCMP-preauth][ESS]","level":-88,"frequency":2412,"BSSID":"00:1d:7e:fc:31:06","SSID":"NFC"},"ap1":{"capabilities":"[WPA2-EAP-CCMP][ESS]","level":-89,"frequency":2437,"BSSID":"00:27:0d:2d:dd:c1","SSID":"eduroam"},"ap6":{"capabilities":"[WPA-PSK-TKIP][WPS][ESS]","level":-91,"frequency":2427,"BSSID":"00:18:84:88:bf:88","SSID":"MyPlace"},"ap5":{"capabilities":"[WPA2-EAP-CCMP][ESS]","level":-81,"frequency":2462,"BSSID":"00:27:0d:2d:d0:71","SSID":"eduroam"},"ap4":{"capabilities":"[ESS]","level":-85,"frequency":2462,"BSSID":"00:27:0d:2d:d0:70","SSID":"aalto open"},"ap3":{"capabilities":"[ESS]","level":-86,"frequency":2437,"BSSID":"00:27:0d:2d:dd:c0","SSID":"aalto open"}},"measurement 7":{"ap9":{"capabilities":"[ESS]","level":-92,"frequency":2437,"BSSID":"00:27:0d:08:c2:f0","SSID":"aalto open"},"ap8":{"capabilities":"[WPA2-PSK-CCMP][ESS]","level":-84,"frequency":2427,"BSSID":"30:85:a9:6c:9b:e2","SSID":"Ren_2.4G"},"ap7":{"capabilities":"[WPA2-PSK-CCMP][WPS][ESS]","level":-79,"frequency":2437,"BSSID":"54:04:a6:8f:f2:f2","SSID":"ILABWiFi"},"ap2":{"capabilities":"[WPA2-PSK-CCMP-preauth][ESS]","level":-89,"frequency":2412,"BSSID":"00:1d:7e:fc:31:06","SSID":"NFC"},"ap1":{"capabilities":"[WPA2-EAP-CCMP][ESS]","level":-90,"frequency":2437,"BSSID":"00:27:0d:2d:dd:c1","SSID":"eduroam"},"ap6":{"capabilities":"[ESS]","level":-77,"frequency":2412,"BSSID":"00:27:0d:08:be:80","SSID":"aalto open"},"ap5":{"capabilities":"[WPA2-EAP-CCMP][ESS]","level":-78,"frequency":2412,"BSSID":"00:27:0d:08:be:81","SSID":"eduroam"},"ap4":{"capabilities":"[WPA2-EAP-CCMP][ESS]","level":-81,"frequency":2462,"BSSID":"00:27:0d:2d:d0:71","SSID":"eduroam"},"ap3":{"capabilities":"[ESS]","level":-84,"frequency":2462,"BSSID":"00:27:0d:2d:d0:70","SSID":"aalto open"}},"measurement 6":{"ap9":{"capabilities":"[ESS]","level":-92,"frequency":2437,"BSSID":"00:27:0d:08:c2:f0","SSID":"aalto open"},"ap8":{"capabilities":"[WPA2-PSK-CCMP][ESS]","level":-84,"frequency":2427,"BSSID":"30:85:a9:6c:9b:e2","SSID":"Ren_2.4G"},"ap7":{"capabilities":"[WPA2-PSK-CCMP][WPS][ESS]","level":-84,"frequency":2437,"BSSID":"54:04:a6:8f:f2:f2","SSID":"ILABWiFi"},"ap2":{"capabilities":"[WPA2-PSK-CCMP-preauth][ESS]","level":-88,"frequency":2412,"BSSID":"00:1d:7e:fc:31:06","SSID":"NFC"},"ap1":{"capabilities":"[WPA2-EAP-CCMP][ESS]","level":-90,"frequency":2437,"BSSID":"00:27:0d:2d:dd:c1","SSID":"eduroam"},"ap6":{"capabilities":"[ESS]","level":-77,"frequency":2412,"BSSID":"00:27:0d:08:be:80","SSID":"aalto open"},"ap5":{"capabilities":"[WPA2-EAP-CCMP][ESS]","level":-78,"frequency":2412,"BSSID":"00:27:0d:08:be:81","SSID":"eduroam"},"ap4":{"capabilities":"[WPA2-EAP-CCMP][ESS]","level":-83,"frequency":2462,"BSSID":"00:27:0d:2d:d0:71","SSID":"eduroam"},"ap3":{"capabilities":"[ESS]","level":-84,"frequency":2462,"BSSID":"00:27:0d:2d:d0:70","SSID":"aalto open"}},"measurement 9":{"ap9":{"capabilities":"[ESS]","level":-92,"frequency":2437,"BSSID":"00:27:0d:08:c2:f0","SSID":"aalto open"},"ap8":{"capabilities":"[WPA2-PSK-CCMP][ESS]","level":-84,"frequency":2427,"BSSID":"30:85:a9:6c:9b:e2","SSID":"Ren_2.4G"},"ap7":{"capabilities":"[WPA2-PSK-CCMP][WPS][ESS]","level":-87,"frequency":2437,"BSSID":"54:04:a6:8f:f2:f2","SSID":"ILABWiFi"},"ap2":{"capabilities":"[WPA2-PSK-CCMP-preauth][ESS]","level":-91,"frequency":2412,"BSSID":"00:1d:7e:fc:31:06","SSID":"NFC"},"ap1":{"capabilities":"[WPA2-EAP-CCMP][ESS]","level":-90,"frequency":2437,"BSSID":"00:27:0d:2d:dd:c1","SSID":"eduroam"},"ap6":{"capabilities":"[ESS]","level":-84,"frequency":2412,"BSSID":"00:27:0d:08:be:80","SSID":"aalto open"},"ap5":{"capabilities":"[WPA2-EAP-CCMP][ESS]","level":-86,"frequency":2412,"BSSID":"00:27:0d:08:be:81","SSID":"eduroam"},"ap4":{"capabilities":"[WPA2-EAP-CCMP][ESS]","level":-85,"frequency":2462,"BSSID":"00:27:0d:2d:d0:71","SSID":"eduroam"},"ap3":{"capabilities":"[ESS]","level":-84,"frequency":2462,"BSSID":"00:27:0d:2d:d0:70","SSID":"aalto open"}},"measurement 8":{"ap9":{"capabilities":"[ESS]","level":-92,"frequency":2437,"BSSID":"00:27:0d:08:c2:f0","SSID":"aalto open"},"ap8":{"capabilities":"[WPA2-PSK-CCMP][ESS]","level":-83,"frequency":2427,"BSSID":"30:85:a9:6c:9b:e2","SSID":"Ren_2.4G"},"ap7":{"capabilities":"[WPA2-PSK-CCMP][WPS][ESS]","level":-79,"frequency":2437,"BSSID":"54:04:a6:8f:f2:f2","SSID":"ILABWiFi"},"ap2":{"capabilities":"[WPA2-PSK-CCMP-preauth][ESS]","level":-89,"frequency":2412,"BSSID":"00:1d:7e:fc:31:06","SSID":"NFC"},"ap1":{"capabilities":"[WPA2-EAP-CCMP][ESS]","level":-90,"frequency":2437,"BSSID":"00:27:0d:2d:dd:c1","SSID":"eduroam"},"ap6":{"capabilities":"[ESS]","level":-85,"frequency":2412,"BSSID":"00:27:0d:08:be:80","SSID":"aalto open"},"ap5":{"capabilities":"[WPA2-EAP-CCMP][ESS]","level":-86,"frequency":2412,"BSSID":"00:27:0d:08:be:81","SSID":"eduroam"},"ap4":{"capabilities":"[WPA2-EAP-CCMP][ESS]","level":-81,"frequency":2462,"BSSID":"00:27:0d:2d:d0:71","SSID":"eduroam"},"ap3":{"capabilities":"[ESS]","level":-84,"frequency":2462,"BSSID":"00:27:0d:2d:d0:70","SSID":"aalto open"}},"measurement 10":{"ap2":{"capabilities":"[ESS]","level":-84,"frequency":2462,"BSSID":"00:27:0d:2d:d0:70","SSID":"aalto open"},"ap1":{"capabilities":"[WPA2-PSK-CCMP-preauth][ESS]","level":-92,"frequency":2412,"BSSID":"00:1d:7e:fc:31:06","SSID":"NFC"},"ap7":{"capabilities":"[WPA2-PSK-CCMP][ESS]","level":-84,"frequency":2427,"BSSID":"30:85:a9:6c:9b:e2","SSID":"Ren_2.4G"},"ap6":{"capabilities":"[WPA2-PSK-CCMP][WPS][ESS]","level":-83,"frequency":2437,"BSSID":"54:04:a6:8f:f2:f2","SSID":"ILABWiFi"},"ap5":{"capabilities":"[ESS]","level":-83,"frequency":2412,"BSSID":"00:27:0d:08:be:80","SSID":"aalto open"},"ap4":{"capabilities":"[WPA2-EAP-CCMP][ESS]","level":-80,"frequency":2412,"BSSID":"00:27:0d:08:be:81","SSID":"eduroam"},"ap3":{"capabilities":"[WPA2-EAP-CCMP][ESS]","level":-85,"frequency":2462,"BSSID":"00:27:0d:2d:d0:71","SSID":"eduroam"}},"measurement 12":{"ap8":{"capabilities":"[ESS]","level":-88,"frequency":2437,"BSSID":"00:27:0d:2d:dd:c0","SSID":"aalto open"},"ap7":{"capabilities":"[WPA2-PSK-CCMP][ESS]","level":-85,"frequency":2427,"BSSID":"30:85:a9:6c:9b:e2","SSID":"Ren_2.4G"},"ap2":{"capabilities":"[ESS]","level":-82,"frequency":2462,"BSSID":"00:27:0d:2d:d0:70","SSID":"aalto open"},"ap1":{"capabilities":"[WPA2-PSK-CCMP-preauth][ESS]","level":-89,"frequency":2412,"BSSID":"00:1d:7e:fc:31:06","SSID":"NFC"},"ap6":{"capabilities":"[WPA2-PSK-CCMP][WPS][ESS]","level":-83,"frequency":2437,"BSSID":"54:04:a6:8f:f2:f2","SSID":"ILABWiFi"},"ap5":{"capabilities":"[ESS]","level":-83,"frequency":2412,"BSSID":"00:27:0d:08:be:80","SSID":"aalto open"},"ap4":{"capabilities":"[WPA2-EAP-CCMP][ESS]","level":-83,"frequency":2412,"BSSID":"00:27:0d:08:be:81","SSID":"eduroam"},"ap3":{"capabilities":"[WPA2-EAP-CCMP][ESS]","level":-85,"frequency":2462,"BSSID":"00:27:0d:2d:d0:71","SSID":"eduroam"}},"measurement 11":{"ap2":{"capabilities":"[ESS]","level":-82,"frequency":2462,"BSSID":"00:27:0d:2d:d0:70","SSID":"aalto open"},"ap1":{"capabilities":"[WPA2-PSK-CCMP-preauth][ESS]","level":-89,"frequency":2412,"BSSID":"00:1d:7e:fc:31:06","SSID":"NFC"},"ap7":{"capabilities":"[WPA2-PSK-CCMP][ESS]","level":-84,"frequency":2427,"BSSID":"30:85:a9:6c:9b:e2","SSID":"Ren_2.4G"},"ap6":{"capabilities":"[WPA2-PSK-CCMP][WPS][ESS]","level":-83,"frequency":2437,"BSSID":"54:04:a6:8f:f2:f2","SSID":"ILABWiFi"},"ap5":{"capabilities":"[ESS]","level":-80,"frequency":2412,"BSSID":"00:27:0d:08:be:80","SSID":"aalto open"},"ap4":{"capabilities":"[WPA2-EAP-CCMP][ESS]","level":-83,"frequency":2412,"BSSID":"00:27:0d:08:be:81","SSID":"eduroam"},"ap3":{"capabilities":"[WPA2-EAP-CCMP][ESS]","level":-85,"frequency":2462,"BSSID":"00:27:0d:2d:d0:71","SSID":"eduroam"}},"measurement 1":{"ap14":{"capabilities":"[ESS]","level":-89,"frequency":2437,"BSSID":"a0:cf:5b:ca:a9:00","SSID":"aalto open"},"ap15":{"capabilities":"[WPA2-PSK-CCMP][WPS][ESS]","level":-82,"frequency":2437,"BSSID":"54:04:a6:8f:f2:f2","SSID":"ILABWiFi"},"ap12":{"capabilities":"[ESS]","level":-82,"frequency":2457,"BSSID":"10:9a:dd:8c:a6:af","SSID":"Apple Network 8ca6af"},"ap13":{"capabilities":"[ESS]","level":-84,"frequency":2462,"BSSID":"00:22:55:df:64:d0","SSID":"aalto open"},"ap16":{"capabilities":"[WPA2-PSK-CCMP][ESS]","level":-85,"frequency":2427,"BSSID":"30:85:a9:6c:9b:e2","SSID":"Ren_2.4G"},"ap17":{"capabilities":"[ESS]","level":-83,"frequency":2462,"BSSID":"00:22:55:75:48:a0","SSID":"aalto open"},"ap9":{"capabilities":"[WPA-PSK-TKIP+CCMP][WPA2-PSK-TKIP+CCMP][WPS][ESS]","level":-73,"frequency":2427,"BSSID":"10:6f:3f:f7:37:c8","SSID":"Ren_2.4"},"ap8":{"capabilities":"[WPA-PSK-TKIP][WPS][ESS]","level":-88,"frequency":2427,"BSSID":"00:18:84:88:bf:88","SSID":"MyPlace"},"ap7":{"capabilities":"[WPA2-EAP-CCMP][ESS]","level":-89,"frequency":2437,"BSSID":"a0:cf:5b:ca:a9:01","SSID":"eduroam"},"ap11":{"capabilities":"[ESS]","level":-82,"frequency":2412,"BSSID":"00:27:0d:08:be:80","SSID":"aalto open"},"ap10":{"capabilities":"[WPA2-EAP-CCMP][ESS]","level":-79,"frequency":2412,"BSSID":"00:27:0d:08:be:81","SSID":"eduroam"},"ap2":{"capabilities":"[WPA2-PSK-CCMP-preauth][ESS]","level":-91,"frequency":2412,"BSSID":"00:1d:7e:fc:31:06","SSID":"NFC"},"ap1":{"capabilities":"[WPA2-EAP-CCMP][ESS]","level":-89,"frequency":2437,"BSSID":"00:27:0d:2d:dd:c1","SSID":"eduroam"},"ap6":{"capabilities":"[IBSS]","level":-83,"frequency":2457,"BSSID":"0e:b6:24:9f:49:f2","SSID":"Portthru"},"ap5":{"capabilities":"[WPA2-EAP-CCMP][ESS]","level":-83,"frequency":2462,"BSSID":"00:27:0d:2d:d0:71","SSID":"eduroam"},"ap4":{"capabilities":"[ESS]","level":-82,"frequency":2462,"BSSID":"00:27:0d:2d:d0:70","SSID":"aalto open"},"ap3":{"capabilities":"[ESS]","level":-76,"frequency":2437,"BSSID":"00:27:0d:2d:dd:c0","SSID":"aalto open"}},"measurement 14":{"ap9":{"capabilities":"[ESS]","level":-89,"frequency":2437,"BSSID":"00:27:0d:08:c2:f0","SSID":"aalto open"},"ap8":{"capabilities":"[WPA2-EAP-CCMP][ESS]","level":-90,"frequency":2437,"BSSID":"00:27:0d:2d:dd:c1","SSID":"eduroam"},"ap7":{"capabilities":"[ESS]","level":-88,"frequency":2437,"BSSID":"00:27:0d:2d:dd:c0","SSID":"aalto open"},"ap10":{"capabilities":"[WPA2-EAP-CCMP][ESS]","level":-84,"frequency":2462,"BSSID":"00:27:0d:2d:d0:71","SSID":"eduroam"},"ap2":{"capabilities":"[ESS]","level":-82,"frequency":2462,"BSSID":"00:27:0d:2d:d0:70","SSID":"aalto open"},"ap1":{"capabilities":"[WPA2-PSK-CCMP-preauth][ESS]","level":-85,"frequency":2412,"BSSID":"00:1d:7e:fc:31:06","SSID":"NFC"},"ap6":{"capabilities":"[WPA2-PSK-CCMP][ESS]","level":-84,"frequency":2427,"BSSID":"30:85:a9:6c:9b:e2","SSID":"Ren_2.4G"},"ap5":{"capabilities":"[WPA2-PSK-CCMP][WPS][ESS]","level":-81,"frequency":2437,"BSSID":"54:04:a6:8f:f2:f2","SSID":"ILABWiFi"},"ap4":{"capabilities":"[ESS]","level":-79,"frequency":2412,"BSSID":"00:27:0d:08:be:80","SSID":"aalto open"},"ap3":{"capabilities":"[WPA2-EAP-CCMP][ESS]","level":-79,"frequency":2412,"BSSID":"00:27:0d:08:be:81","SSID":"eduroam"}},"measurement 2":{"ap9":{"capabilities":"[WPA2-PSK-CCMP][WPS][ESS]","level":-80,"frequency":2437,"BSSID":"54:04:a6:8f:f2:f2","SSID":"ILABWiFi"},"ap8":{"capabilities":"[ESS]","level":-79,"frequency":2412,"BSSID":"00:27:0d:08:be:80","SSID":"aalto open"},"ap7":{"capabilities":"[WPA2-EAP-CCMP][ESS]","level":-85,"frequency":2412,"BSSID":"00:27:0d:08:be:81","SSID":"eduroam"},"ap11":{"capabilities":"[ESS]","level":-88,"frequency":2462,"BSSID":"00:22:55:75:48:a0","SSID":"aalto open"},"ap10":{"capabilities":"[WPA2-PSK-CCMP][ESS]","level":-84,"frequency":2427,"BSSID":"30:85:a9:6c:9b:e2","SSID":"Ren_2.4G"},"ap2":{"capabilities":"[WPA2-PSK-CCMP-preauth][ESS]","level":-93,"frequency":2412,"BSSID":"00:1d:7e:fc:31:06","SSID":"NFC"},"ap1":{"capabilities":"[WPA2-EAP-CCMP][ESS]","level":-89,"frequency":2437,"BSSID":"00:27:0d:2d:dd:c1","SSID":"eduroam"},"ap6":{"capabilities":"[WPA-PSK-TKIP][WPS][ESS]","level":-91,"frequency":2427,"BSSID":"00:18:84:88:bf:88","SSID":"MyPlace"},"ap5":{"capabilities":"[WPA2-EAP-CCMP][ESS]","level":-86,"frequency":2462,"BSSID":"00:27:0d:2d:d0:71","SSID":"eduroam"},"ap4":{"capabilities":"[ESS]","level":-81,"frequency":2462,"BSSID":"00:27:0d:2d:d0:70","SSID":"aalto open"},"ap3":{"capabilities":"[ESS]","level":-86,"frequency":2437,"BSSID":"00:27:0d:2d:dd:c0","SSID":"aalto open"}},"measurement 13":{"ap9":{"capabilities":"[ESS]","level":-89,"frequency":2437,"BSSID":"00:27:0d:08:c2:f0","SSID":"aalto open"},"ap8":{"capabilities":"[WPA2-EAP-CCMP][ESS]","level":-90,"frequency":2437,"BSSID":"00:27:0d:2d:dd:c1","SSID":"eduroam"},"ap7":{"capabilities":"[ESS]","level":-88,"frequency":2437,"BSSID":"00:27:0d:2d:dd:c0","SSID":"aalto open"},"ap2":{"capabilities":"[ESS]","level":-83,"frequency":2462,"BSSID":"00:27:0d:2d:d0:70","SSID":"aalto open"},"ap1":{"capabilities":"[WPA2-PSK-CCMP-preauth][ESS]","level":-89,"frequency":2412,"BSSID":"00:1d:7e:fc:31:06","SSID":"NFC"},"ap6":{"capabilities":"[WPA2-PSK-CCMP][ESS]","level":-83,"frequency":2427,"BSSID":"30:85:a9:6c:9b:e2","SSID":"Ren_2.4G"},"ap5":{"capabilities":"[WPA2-PSK-CCMP][WPS][ESS]","level":-83,"frequency":2437,"BSSID":"54:04:a6:8f:f2:f2","SSID":"ILABWiFi"},"ap4":{"capabilities":"[ESS]","level":-80,"frequency":2412,"BSSID":"00:27:0d:08:be:80","SSID":"aalto open"},"ap3":{"capabilities":"[WPA2-EAP-CCMP][ESS]","level":-79,"frequency":2412,"BSSID":"00:27:0d:08:be:81","SSID":"eduroam"}},"measurement 3":{"ap9":{"capabilities":"[WPA2-PSK-CCMP][WPS][ESS]","level":-85,"frequency":2437,"BSSID":"54:04:a6:8f:f2:f2","SSID":"ILABWiFi"},"ap8":{"capabilities":"[ESS]","level":-79,"frequency":2412,"BSSID":"00:27:0d:08:be:80","SSID":"aalto open"},"ap7":{"capabilities":"[WPA2-EAP-CCMP][ESS]","level":-85,"frequency":2412,"BSSID":"00:27:0d:08:be:81","SSID":"eduroam"},"ap11":{"capabilities":"[ESS]","level":-88,"frequency":2462,"BSSID":"00:22:55:75:48:a0","SSID":"aalto open"},"ap10":{"capabilities":"[WPA2-PSK-CCMP][ESS]","level":-86,"frequency":2427,"BSSID":"30:85:a9:6c:9b:e2","SSID":"Ren_2.4G"},"ap2":{"capabilities":"[WPA2-PSK-CCMP-preauth][ESS]","level":-93,"frequency":2412,"BSSID":"00:1d:7e:fc:31:06","SSID":"NFC"},"ap1":{"capabilities":"[WPA2-EAP-CCMP][ESS]","level":-89,"frequency":2437,"BSSID":"00:27:0d:2d:dd:c1","SSID":"eduroam"},"ap6":{"capabilities":"[WPA-PSK-TKIP][WPS][ESS]","level":-91,"frequency":2427,"BSSID":"00:18:84:88:bf:88","SSID":"MyPlace"},"ap5":{"capabilities":"[WPA2-EAP-CCMP][ESS]","level":-81,"frequency":2462,"BSSID":"00:27:0d:2d:d0:71","SSID":"eduroam"},"ap4":{"capabilities":"[ESS]","level":-81,"frequency":2462,"BSSID":"00:27:0d:2d:d0:70","SSID":"aalto open"},"ap3":{"capabilities":"[ESS]","level":-86,"frequency":2437,"BSSID":"00:27:0d:2d:dd:c0","SSID":"aalto open"}},"measurement 15":{"ap9":{"capabilities":"[ESS]","level":-89,"frequency":2437,"BSSID":"00:27:0d:08:c2:f0","SSID":"aalto open"},"ap8":{"capabilities":"[WPA2-EAP-CCMP][ESS]","level":-90,"frequency":2437,"BSSID":"00:27:0d:2d:dd:c1","SSID":"eduroam"},"ap7":{"capabilities":"[ESS]","level":-88,"frequency":2437,"BSSID":"00:27:0d:2d:dd:c0","SSID":"aalto open"},"ap10":{"capabilities":"[WPA2-EAP-CCMP][ESS]","level":-85,"frequency":2462,"BSSID":"00:27:0d:2d:d0:71","SSID":"eduroam"},"ap2":{"capabilities":"[ESS]","level":-83,"frequency":2462,"BSSID":"00:27:0d:2d:d0:70","SSID":"aalto open"},"ap1":{"capabilities":"[WPA2-PSK-CCMP-preauth][ESS]","level":-89,"frequency":2412,"BSSID":"00:1d:7e:fc:31:06","SSID":"NFC"},"ap6":{"capabilities":"[WPA2-PSK-CCMP][ESS]","level":-84,"frequency":2427,"BSSID":"30:85:a9:6c:9b:e2","SSID":"Ren_2.4G"},"ap5":{"capabilities":"[WPA2-PSK-CCMP][WPS][ESS]","level":-82,"frequency":2437,"BSSID":"54:04:a6:8f:f2:f2","SSID":"ILABWiFi"},"ap4":{"capabilities":"[ESS]","level":-79,"frequency":2412,"BSSID":"00:27:0d:08:be:80","SSID":"aalto open"},"ap3":{"capabilities":"[WPA2-EAP-CCMP][ESS]","level":-79,"frequency":2412,"BSSID":"00:27:0d:08:be:81","SSID":"eduroam"}}}