{"measurement 5":{"ap23":{"capabilities":"[ESS]","level":-85,"frequency":2437,"BSSID":"24:01:c7:b8:d4:e0","SSID":"aalto open"},"ap14":{"capabilities":"[ESS]","level":-80,"frequency":2412,"BSSID":"00:22:55:df:65:10","SSID":"aalto open"},"ap15":{"capabilities":"[IBSS]","level":-80,"frequency":2457,"BSSID":"0e:b6:24:9f:49:f2","SSID":"Portthru"},"ap12":{"capabilities":"[WPA2-EAP-CCMP][ESS]","level":-87,"frequency":2437,"BSSID":"24:01:c7:b8:d4:e1","SSID":"eduroam"},"ap13":{"capabilities":"[ESS]","level":-73,"frequency":2462,"BSSID":"00:27:0d:2d:d0:70","SSID":"aalto open"},"ap18":{"capabilities":"[WPA2-EAP-CCMP][ESS]","level":-86,"frequency":2462,"BSSID":"a0:cf:5b:ca:b0:31","SSID":"eduroam"},"ap19":{"capabilities":"[WPA2-PSK-CCMP][ESS]","level":-84,"frequency":2437,"BSSID":"ee:43:f6:71:d2:a0","SSID":"cloudlet_test_2g"},"ap16":{"capabilities":"[ESS]","level":-83,"frequency":2437,"BSSID":"00:90:4c:91:00:03","SSID":"dd-wrt"},"ap17":{"capabilities":"[WPA2-EAP-CCMP][ESS]","level":-90,"frequency":2412,"BSSID":"00:27:0d:0b:d1:c1","SSID":"eduroam"},"ap9":{"capabilities":"[ESS]","level":-80,"frequency":2462,"BSSID":"a4:56:30:e8:17:60","SSID":"aalto open"},"ap8":{"capabilities":"[WPA2-EAP-CCMP][ESS]","level":-79,"frequency":2462,"BSSID":"a4:56:30:e8:17:61","SSID":"eduroam"},"ap7":{"capabilities":"[WPA2-EAP-CCMP][ESS]","level":-75,"frequency":2462,"BSSID":"00:27:0d:2d:d0:71","SSID":"eduroam"},"ap20":{"capabilities":"[WPA2-EAP-CCMP][ESS]","level":-83,"frequency":2462,"BSSID":"a0:cf:5b:fa:34:e1","SSID":"eduroam"},"ap11":{"capabilities":"[WPA2-EAP-CCMP][ESS]","level":-81,"frequency":2412,"BSSID":"00:22:55:df:65:11","SSID":"eduroam"},"ap10":{"capabilities":"[WPA2-PSK-CCMP-preauth][ESS]","level":-75,"frequency":2412,"BSSID":"00:1d:7e:fc:31:06","SSID":"NFC"},"ap22":{"capabilities":"[ESS]","level":-84,"frequency":2462,"BSSID":"a0:cf:5b:fa:34:e0","SSID":"aalto open"},"ap21":{"capabilities":"[ESS]","level":-81,"frequency":2462,"BSSID":"a0:cf:5b:ca:b0:30","SSID":"aalto open"},"ap2":{"capabilities":"[WPA2-PSK-CCMP][ESS]","level":-77,"frequency":2462,"BSSID":"f8:5f:2a:5f:5c:a8","SSID":"NOKIA Lumia 900_5438"},"ap1":{"capabilities":"[WPA2-EAP-CCMP][ESS]","level":-68,"frequency":2412,"BSSID":"08:1f:f3:b2:d0:a1","SSID":"eduroam"},"ap6":{"capabilities":"[ESS]","level":-58,"frequency":2412,"BSSID":"08:1f:f3:b2:d0:a0","SSID":"aalto open"},"ap5":{"capabilities":"[WPA2-EAP-CCMP][ESS]","level":-74,"frequency":2437,"BSSID":"00:27:0d:2d:dd:c1","SSID":"eduroam"},"ap4":{"capabilities":"[ESS]","level":-74,"frequency":2437,"BSSID":"00:27:0d:2d:dd:c0","SSID":"aalto open"},"ap3":{"capabilities":"[WPA-PSK-TKIP][WPS][ESS]","level":-77,"frequency":2427,"BSSID":"00:18:84:88:bf:88","SSID":"MyPlace"}},"measurement 4":{"ap23":{"capabilities":"[ESS]","level":-85,"frequency":2437,"BSSID":"24:01:c7:b8:d4:e0","SSID":"aalto open"},"ap14":{"capabilities":"[ESS]","level":-80,"frequency":2412,"BSSID":"00:22:55:df:65:10","SSID":"aalto open"},"ap15":{"capabilities":"[IBSS]","level":-86,"frequency":2457,"BSSID":"0e:b6:24:9f:49:f2","SSID":"Portthru"},"ap12":{"capabilities":"[WPA2-EAP-CCMP][ESS]","level":-87,"frequency":2437,"BSSID":"24:01:c7:b8:d4:e1","SSID":"eduroam"},"ap13":{"capabilities":"[ESS]","level":-82,"frequency":2462,"BSSID":"00:27:0d:2d:d0:70","SSID":"aalto open"},"ap18":{"capabilities":"[WPA2-EAP-CCMP][ESS]","level":-86,"frequency":2462,"BSSID":"a0:cf:5b:ca:b0:31","SSID":"eduroam"},"ap19":{"capabilities":"[WPA2-PSK-CCMP][ESS]","level":-84,"frequency":2437,"BSSID":"ee:43:f6:71:d2:a0","SSID":"cloudlet_test_2g"},"ap16":{"capabilities":"[ESS]","level":-83,"frequency":2437,"BSSID":"00:90:4c:91:00:03","SSID":"dd-wrt"},"ap17":{"capabilities":"[WPA2-EAP-CCMP][ESS]","level":-90,"frequency":2412,"BSSID":"00:27:0d:0b:d1:c1","SSID":"eduroam"},"ap9":{"capabilities":"[ESS]","level":-80,"frequency":2462,"BSSID":"a4:56:30:e8:17:60","SSID":"aalto open"},"ap8":{"capabilities":"[WPA2-EAP-CCMP][ESS]","level":-85,"frequency":2462,"BSSID":"a4:56:30:e8:17:61","SSID":"eduroam"},"ap7":{"capabilities":"[WPA2-EAP-CCMP][ESS]","level":-73,"frequency":2462,"BSSID":"00:27:0d:2d:d0:71","SSID":"eduroam"},"ap20":{"capabilities":"[WPA2-EAP-CCMP][ESS]","level":-83,"frequency":2462,"BSSID":"a0:cf:5b:fa:34:e1","SSID":"eduroam"},"ap11":{"capabilities":"[WPA2-EAP-CCMP][ESS]","level":-86,"frequency":2412,"BSSID":"00:22:55:df:65:11","SSID":"eduroam"},"ap10":{"capabilities":"[WPA2-PSK-CCMP-preauth][ESS]","level":-79,"frequency":2412,"BSSID":"00:1d:7e:fc:31:06","SSID":"NFC"},"ap22":{"capabilities":"[ESS]","level":-84,"frequency":2462,"BSSID":"a0:cf:5b:fa:34:e0","SSID":"aalto open"},"ap21":{"capabilities":"[ESS]","level":-81,"frequency":2462,"BSSID":"a0:cf:5b:ca:b0:30","SSID":"aalto open"},"ap2":{"capabilities":"[WPA2-PSK-CCMP][ESS]","level":-80,"frequency":2462,"BSSID":"f8:5f:2a:5f:5c:a8","SSID":"NOKIA Lumia 900_5438"},"ap1":{"capabilities":"[WPA2-EAP-CCMP][ESS]","level":-59,"frequency":2412,"BSSID":"08:1f:f3:b2:d0:a1","SSID":"eduroam"},"ap6":{"capabilities":"[ESS]","level":-58,"frequency":2412,"BSSID":"08:1f:f3:b2:d0:a0","SSID":"aalto open"},"ap5":{"capabilities":"[WPA2-EAP-CCMP][ESS]","level":-81,"frequency":2437,"BSSID":"00:27:0d:2d:dd:c1","SSID":"eduroam"},"ap4":{"capabilities":"[ESS]","level":-80,"frequency":2437,"BSSID":"00:27:0d:2d:dd:c0","SSID":"aalto open"},"ap3":{"capabilities":"[WPA-PSK-TKIP][WPS][ESS]","level":-77,"frequency":2427,"BSSID":"00:18:84:88:bf:88","SSID":"MyPlace"}},"measurement 7":{"ap14":{"capabilities":"[IBSS]","level":-76,"frequency":2457,"BSSID":"0e:b6:24:9f:49:f2","SSID":"Portthru"},"ap15":{"capabilities":"[ESS]","level":-83,"frequency":2437,"BSSID":"00:90:4c:91:00:03","SSID":"dd-wrt"},"ap12":{"capabilities":"[ESS]","level":-73,"frequency":2462,"BSSID":"00:27:0d:2d:d0:70","SSID":"aalto open"},"ap13":{"capabilities":"[ESS]","level":-87,"frequency":2412,"BSSID":"00:22:55:df:65:10","SSID":"aalto open"},"ap18":{"capabilities":"[WPA2-PSK-CCMP][ESS]","level":-86,"frequency":2437,"BSSID":"ee:43:f6:71:d2:a0","SSID":"cloudlet_test_2g"},"ap19":{"capabilities":"[WPA2-EAP-CCMP][ESS]","level":-83,"frequency":2462,"BSSID":"a0:cf:5b:fa:34:e1","SSID":"eduroam"},"ap16":{"capabilities":"[WPA2-EAP-CCMP][ESS]","level":-90,"frequency":2412,"BSSID":"00:27:0d:0b:d1:c1","SSID":"eduroam"},"ap17":{"capabilities":"[WPA2-EAP-CCMP][ESS]","level":-79,"frequency":2462,"BSSID":"a0:cf:5b:ca:b0:31","SSID":"eduroam"},"ap9":{"capabilities":"[ESS]","level":-77,"frequency":2462,"BSSID":"a4:56:30:e8:17:60","SSID":"aalto open"},"ap8":{"capabilities":"[WPA2-EAP-CCMP][ESS]","level":-82,"frequency":2462,"BSSID":"a4:56:30:e8:17:61","SSID":"eduroam"},"ap7":{"capabilities":"[WPA2-EAP-CCMP][ESS]","level":-81,"frequency":2462,"BSSID":"00:27:0d:2d:d0:71","SSID":"eduroam"},"ap20":{"capabilities":"[ESS]","level":-84,"frequency":2412,"BSSID":"00:27:0d:08:be:80","SSID":"aalto open"},"ap11":{"capabilities":"[WPA2-EAP-CCMP][ESS]","level":-85,"frequency":2412,"BSSID":"00:22:55:df:65:11","SSID":"eduroam"},"ap10":{"capabilities":"[WPA2-PSK-CCMP-preauth][ESS]","level":-77,"frequency":2412,"BSSID":"00:1d:7e:fc:31:06","SSID":"NFC"},"ap22":{"capabilities":"[ESS]","level":-85,"frequency":2462,"BSSID":"00:27:0d:08:c3:20","SSID":"aalto open"},"ap21":{"capabilities":"[ESS]","level":-88,"frequency":2412,"BSSID":"00:27:0d:2e:79:f0","SSID":"aalto open"},"ap2":{"capabilities":"[WPA2-PSK-CCMP][ESS]","level":-75,"frequency":2462,"BSSID":"f8:5f:2a:5f:5c:a8","SSID":"NOKIA Lumia 900_5438"},"ap1":{"capabilities":"[WPA2-EAP-CCMP][ESS]","level":-62,"frequency":2412,"BSSID":"08:1f:f3:b2:d0:a1","SSID":"eduroam"},"ap6":{"capabilities":"[ESS]","level":-64,"frequency":2412,"BSSID":"08:1f:f3:b2:d0:a0","SSID":"aalto open"},"ap5":{"capabilities":"[WPA2-EAP-CCMP][ESS]","level":-79,"frequency":2437,"BSSID":"00:27:0d:2d:dd:c1","SSID":"eduroam"},"ap4":{"capabilities":"[ESS]","level":-73,"frequency":2437,"BSSID":"00:27:0d:2d:dd:c0","SSID":"aalto open"},"ap3":{"capabilities":"[WPA-PSK-TKIP][WPS][ESS]","level":-76,"frequency":2427,"BSSID":"00:18:84:88:bf:88","SSID":"MyPlace"}},"measurement 6":{"ap23":{"capabilities":"[ESS]","level":-85,"frequency":2412,"BSSID":"00:27:0d:2e:79:f0","SSID":"aalto open"},"ap14":{"capabilities":"[IBSS]","level":-76,"frequency":2457,"BSSID":"0e:b6:24:9f:49:f2","SSID":"Portthru"},"ap15":{"capabilities":"[ESS]","level":-83,"frequency":2437,"BSSID":"00:90:4c:91:00:03","SSID":"dd-wrt"},"ap12":{"capabilities":"[ESS]","level":-75,"frequency":2462,"BSSID":"00:27:0d:2d:d0:70","SSID":"aalto open"},"ap13":{"capabilities":"[ESS]","level":-81,"frequency":2412,"BSSID":"00:22:55:df:65:10","SSID":"aalto open"},"ap18":{"capabilities":"[WPA2-PSK-CCMP][ESS]","level":-84,"frequency":2437,"BSSID":"ee:43:f6:71:d2:a0","SSID":"cloudlet_test_2g"},"ap19":{"capabilities":"[WPA2-EAP-CCMP][ESS]","level":-83,"frequency":2462,"BSSID":"a0:cf:5b:fa:34:e1","SSID":"eduroam"},"ap16":{"capabilities":"[WPA2-EAP-CCMP][ESS]","level":-90,"frequency":2412,"BSSID":"00:27:0d:0b:d1:c1","SSID":"eduroam"},"ap17":{"capabilities":"[WPA2-EAP-CCMP][ESS]","level":-79,"frequency":2462,"BSSID":"a0:cf:5b:ca:b0:31","SSID":"eduroam"},"ap9":{"capabilities":"[ESS]","level":-77,"frequency":2462,"BSSID":"a4:56:30:e8:17:60","SSID":"aalto open"},"ap8":{"capabilities":"[WPA2-EAP-CCMP][ESS]","level":-79,"frequency":2462,"BSSID":"a4:56:30:e8:17:61","SSID":"eduroam"},"ap7":{"capabilities":"[WPA2-EAP-CCMP][ESS]","level":-74,"frequency":2462,"BSSID":"00:27:0d:2d:d0:71","SSID":"eduroam"},"ap20":{"capabilities":"[ESS]","level":-81,"frequency":2462,"BSSID":"a0:cf:5b:ca:b0:30","SSID":"aalto open"},"ap11":{"capabilities":"[WPA2-EAP-CCMP][ESS]","level":-80,"frequency":2412,"BSSID":"00:22:55:df:65:11","SSID":"eduroam"},"ap10":{"capabilities":"[WPA2-PSK-CCMP-preauth][ESS]","level":-83,"frequency":2412,"BSSID":"00:1d:7e:fc:31:06","SSID":"NFC"},"ap22":{"capabilities":"[ESS]","level":-84,"frequency":2412,"BSSID":"00:27:0d:08:be:80","SSID":"aalto open"},"ap21":{"capabilities":"[ESS]","level":-85,"frequency":2437,"BSSID":"24:01:c7:b8:d4:e0","SSID":"aalto open"},"ap2":{"capabilities":"[WPA2-PSK-CCMP][ESS]","level":-78,"frequency":2462,"BSSID":"f8:5f:2a:5f:5c:a8","SSID":"NOKIA Lumia 900_5438"},"ap1":{"capabilities":"[WPA2-EAP-CCMP][ESS]","level":-59,"frequency":2412,"BSSID":"08:1f:f3:b2:d0:a1","SSID":"eduroam"},"ap6":{"capabilities":"[ESS]","level":-54,"frequency":2412,"BSSID":"08:1f:f3:b2:d0:a0","SSID":"aalto open"},"ap5":{"capabilities":"[WPA2-EAP-CCMP][ESS]","level":-70,"frequency":2437,"BSSID":"00:27:0d:2d:dd:c1","SSID":"eduroam"},"ap4":{"capabilities":"[ESS]","level":-74,"frequency":2437,"BSSID":"00:27:0d:2d:dd:c0","SSID":"aalto open"},"ap3":{"capabilities":"[WPA-PSK-TKIP][WPS][ESS]","level":-76,"frequency":2427,"BSSID":"00:18:84:88:bf:88","SSID":"MyPlace"}},"measurement 9":{"ap23":{"capabilities":"[WPA2-EAP-CCMP][ESS]","level":-85,"frequency":2412,"BSSID":"00:27:0d:08:bf:11","SSID":"eduroam"},"ap14":{"capabilities":"[IBSS]","level":-76,"frequency":2457,"BSSID":"0e:b6:24:9f:49:f2","SSID":"Portthru"},"ap24":{"capabilities":"[ESS]","level":-83,"frequency":2437,"BSSID":"24:01:c7:b8:d4:e0","SSID":"aalto open"},"ap15":{"capabilities":"[ESS]","level":-83,"frequency":2437,"BSSID":"00:90:4c:91:00:03","SSID":"dd-wrt"},"ap25":{"capabilities":"[ESS]","level":-85,"frequency":2412,"BSSID":"00:27:0d:08:bf:10","SSID":"aalto open"},"ap12":{"capabilities":"[ESS]","level":-79,"frequency":2462,"BSSID":"00:27:0d:2d:d0:70","SSID":"aalto open"},"ap13":{"capabilities":"[ESS]","level":-86,"frequency":2412,"BSSID":"00:22:55:df:65:10","SSID":"aalto open"},"ap18":{"capabilities":"[WPA2-PSK-CCMP][ESS]","level":-83,"frequency":2437,"BSSID":"ee:43:f6:71:d2:a0","SSID":"cloudlet_test_2g"},"ap19":{"capabilities":"[WPA2-EAP-CCMP][ESS]","level":-80,"frequency":2462,"BSSID":"a0:cf:5b:fa:34:e1","SSID":"eduroam"},"ap16":{"capabilities":"[WPA2-EAP-CCMP][ESS]","level":-83,"frequency":2412,"BSSID":"00:27:0d:0b:d1:c1","SSID":"eduroam"},"ap17":{"capabilities":"[WPA2-EAP-CCMP][ESS]","level":-79,"frequency":2462,"BSSID":"a0:cf:5b:ca:b0:31","SSID":"eduroam"},"ap9":{"capabilities":"[ESS]","level":-80,"frequency":2462,"BSSID":"a4:56:30:e8:17:60","SSID":"aalto open"},"ap8":{"capabilities":"[WPA2-EAP-CCMP][ESS]","level":-71,"frequency":2462,"BSSID":"a4:56:30:e8:17:61","SSID":"eduroam"},"ap7":{"capabilities":"[WPA2-EAP-CCMP][ESS]","level":-85,"frequency":2462,"BSSID":"00:27:0d:2d:d0:71","SSID":"eduroam"},"ap20":{"capabilities":"[ESS]","level":-84,"frequency":2412,"BSSID":"00:27:0d:08:be:80","SSID":"aalto open"},"ap11":{"capabilities":"[WPA2-EAP-CCMP][ESS]","level":-85,"frequency":2412,"BSSID":"00:22:55:df:65:11","SSID":"eduroam"},"ap10":{"capabilities":"[WPA2-PSK-CCMP-preauth][ESS]","level":-84,"frequency":2412,"BSSID":"00:1d:7e:fc:31:06","SSID":"NFC"},"ap22":{"capabilities":"[ESS]","level":-85,"frequency":2462,"BSSID":"00:27:0d:08:c3:20","SSID":"aalto open"},"ap21":{"capabilities":"[ESS]","level":-88,"frequency":2412,"BSSID":"00:27:0d:2e:79:f0","SSID":"aalto open"},"ap2":{"capabilities":"[WPA2-PSK-CCMP][ESS]","level":-77,"frequency":2462,"BSSID":"f8:5f:2a:5f:5c:a8","SSID":"NOKIA Lumia 900_5438"},"ap1":{"capabilities":"[WPA2-EAP-CCMP][ESS]","level":-56,"frequency":2412,"BSSID":"08:1f:f3:b2:d0:a1","SSID":"eduroam"},"ap6":{"capabilities":"[ESS]","level":-52,"frequency":2412,"BSSID":"08:1f:f3:b2:d0:a0","SSID":"aalto open"},"ap5":{"capabilities":"[WPA2-EAP-CCMP][ESS]","level":-77,"frequency":2437,"BSSID":"00:27:0d:2d:dd:c1","SSID":"eduroam"},"ap4":{"capabilities":"[ESS]","level":-86,"frequency":2437,"BSSID":"00:27:0d:2d:dd:c0","SSID":"aalto open"},"ap3":{"capabilities":"[WPA-PSK-TKIP][WPS][ESS]","level":-80,"frequency":2427,"BSSID":"00:18:84:88:bf:88","SSID":"MyPlace"}},"measurement 8":{"ap23":{"capabilities":"[WPA2-EAP-CCMP][ESS]","level":-85,"frequency":2412,"BSSID":"00:27:0d:08:bf:11","SSID":"eduroam"},"ap14":{"capabilities":"[IBSS]","level":-76,"frequency":2457,"BSSID":"0e:b6:24:9f:49:f2","SSID":"Portthru"},"ap24":{"capabilities":"[ESS]","level":-84,"frequency":2437,"BSSID":"24:01:c7:b8:d4:e0","SSID":"aalto open"},"ap15":{"capabilities":"[ESS]","level":-83,"frequency":2437,"BSSID":"00:90:4c:91:00:03","SSID":"dd-wrt"},"ap25":{"capabilities":"[ESS]","level":-85,"frequency":2412,"BSSID":"00:27:0d:08:bf:10","SSID":"aalto open"},"ap12":{"capabilities":"[ESS]","level":-79,"frequency":2462,"BSSID":"00:27:0d:2d:d0:70","SSID":"aalto open"},"ap13":{"capabilities":"[ESS]","level":-86,"frequency":2412,"BSSID":"00:22:55:df:65:10","SSID":"aalto open"},"ap18":{"capabilities":"[WPA2-PSK-CCMP][ESS]","level":-83,"frequency":2437,"BSSID":"ee:43:f6:71:d2:a0","SSID":"cloudlet_test_2g"},"ap19":{"capabilities":"[WPA2-EAP-CCMP][ESS]","level":-80,"frequency":2462,"BSSID":"a0:cf:5b:fa:34:e1","SSID":"eduroam"},"ap16":{"capabilities":"[WPA2-EAP-CCMP][ESS]","level":-90,"frequency":2412,"BSSID":"00:27:0d:0b:d1:c1","SSID":"eduroam"},"ap17":{"capabilities":"[WPA2-EAP-CCMP][ESS]","level":-79,"frequency":2462,"BSSID":"a0:cf:5b:ca:b0:31","SSID":"eduroam"},"ap9":{"capabilities":"[ESS]","level":-80,"frequency":2462,"BSSID":"a4:56:30:e8:17:60","SSID":"aalto open"},"ap8":{"capabilities":"[WPA2-EAP-CCMP][ESS]","level":-83,"frequency":2462,"BSSID":"a4:56:30:e8:17:61","SSID":"eduroam"},"ap7":{"capabilities":"[WPA2-EAP-CCMP][ESS]","level":-85,"frequency":2462,"BSSID":"00:27:0d:2d:d0:71","SSID":"eduroam"},"ap20":{"capabilities":"[ESS]","level":-84,"frequency":2412,"BSSID":"00:27:0d:08:be:80","SSID":"aalto open"},"ap11":{"capabilities":"[WPA2-EAP-CCMP][ESS]","level":-85,"frequency":2412,"BSSID":"00:22:55:df:65:11","SSID":"eduroam"},"ap10":{"capabilities":"[WPA2-PSK-CCMP-preauth][ESS]","level":-86,"frequency":2412,"BSSID":"00:1d:7e:fc:31:06","SSID":"NFC"},"ap22":{"capabilities":"[ESS]","level":-85,"frequency":2462,"BSSID":"00:27:0d:08:c3:20","SSID":"aalto open"},"ap21":{"capabilities":"[ESS]","level":-88,"frequency":2412,"BSSID":"00:27:0d:2e:79:f0","SSID":"aalto open"},"ap2":{"capabilities":"[WPA2-PSK-CCMP][ESS]","level":-75,"frequency":2462,"BSSID":"f8:5f:2a:5f:5c:a8","SSID":"NOKIA Lumia 900_5438"},"ap1":{"capabilities":"[WPA2-EAP-CCMP][ESS]","level":-62,"frequency":2412,"BSSID":"08:1f:f3:b2:d0:a1","SSID":"eduroam"},"ap6":{"capabilities":"[ESS]","level":-64,"frequency":2412,"BSSID":"08:1f:f3:b2:d0:a0","SSID":"aalto open"},"ap5":{"capabilities":"[WPA2-EAP-CCMP][ESS]","level":-84,"frequency":2437,"BSSID":"00:27:0d:2d:dd:c1","SSID":"eduroam"},"ap4":{"capabilities":"[ESS]","level":-86,"frequency":2437,"BSSID":"00:27:0d:2d:dd:c0","SSID":"aalto open"},"ap3":{"capabilities":"[WPA-PSK-TKIP][WPS][ESS]","level":-80,"frequency":2427,"BSSID":"00:18:84:88:bf:88","SSID":"MyPlace"}},"measurement 10":{"ap14":{"capabilities":"[ESS]","level":-83,"frequency":2437,"BSSID":"00:90:4c:91:00:03","SSID":"dd-wrt"},"ap15":{"capabilities":"[WPA2-EAP-CCMP][ESS]","level":-83,"frequency":2412,"BSSID":"00:27:0d:0b:d1:c1","SSID":"eduroam"},"ap12":{"capabilities":"[ESS]","level":-79,"frequency":2462,"BSSID":"00:27:0d:2d:d0:70","SSID":"aalto open"},"ap13":{"capabilities":"[ESS]","level":-86,"frequency":2412,"BSSID":"00:22:55:df:65:10","SSID":"aalto open"},"ap18":{"capabilities":"[ESS]","level":-88,"frequency":2412,"BSSID":"00:27:0d:2e:79:f0","SSID":"aalto open"},"ap19":{"capabilities":"[ESS]","level":-85,"frequency":2462,"BSSID":"00:27:0d:08:c3:20","SSID":"aalto open"},"ap16":{"capabilities":"[WPA2-PSK-CCMP][ESS]","level":-76,"frequency":2437,"BSSID":"ee:43:f6:71:d2:a0","SSID":"cloudlet_test_2g"},"ap17":{"capabilities":"[WPA2-EAP-CCMP][ESS]","level":-80,"frequency":2462,"BSSID":"a0:cf:5b:fa:34:e1","SSID":"eduroam"},"ap9":{"capabilities":"[ESS]","level":-75,"frequency":2462,"BSSID":"a4:56:30:e8:17:60","SSID":"aalto open"},"ap8":{"capabilities":"[WPA2-EAP-CCMP][ESS]","level":-73,"frequency":2462,"BSSID":"a4:56:30:e8:17:61","SSID":"eduroam"},"ap7":{"capabilities":"[WPA2-EAP-CCMP][ESS]","level":-85,"frequency":2462,"BSSID":"00:27:0d:2d:d0:71","SSID":"eduroam"},"ap20":{"capabilities":"[WPA2-EAP-CCMP][ESS]","level":-85,"frequency":2412,"BSSID":"00:27:0d:08:bf:11","SSID":"eduroam"},"ap11":{"capabilities":"[WPA2-EAP-CCMP][ESS]","level":-85,"frequency":2412,"BSSID":"00:22:55:df:65:11","SSID":"eduroam"},"ap10":{"capabilities":"[WPA2-PSK-CCMP-preauth][ESS]","level":-84,"frequency":2412,"BSSID":"00:1d:7e:fc:31:06","SSID":"NFC"},"ap22":{"capabilities":"[ESS]","level":-85,"frequency":2412,"BSSID":"00:27:0d:08:bf:10","SSID":"aalto open"},"ap21":{"capabilities":"[ESS]","level":-83,"frequency":2437,"BSSID":"24:01:c7:b8:d4:e0","SSID":"aalto open"},"ap2":{"capabilities":"[WPA2-PSK-CCMP][ESS]","level":-81,"frequency":2462,"BSSID":"f8:5f:2a:5f:5c:a8","SSID":"NOKIA Lumia 900_5438"},"ap1":{"capabilities":"[WPA2-EAP-CCMP][ESS]","level":-67,"frequency":2412,"BSSID":"08:1f:f3:b2:d0:a1","SSID":"eduroam"},"ap6":{"capabilities":"[ESS]","level":-53,"frequency":2412,"BSSID":"08:1f:f3:b2:d0:a0","SSID":"aalto open"},"ap5":{"capabilities":"[WPA2-EAP-CCMP][ESS]","level":-75,"frequency":2437,"BSSID":"00:27:0d:2d:dd:c1","SSID":"eduroam"},"ap4":{"capabilities":"[ESS]","level":-86,"frequency":2437,"BSSID":"00:27:0d:2d:dd:c0","SSID":"aalto open"},"ap3":{"capabilities":"[WPA-PSK-TKIP][WPS][ESS]","level":-78,"frequency":2427,"BSSID":"00:18:84:88:bf:88","SSID":"MyPlace"}},"measurement 12":{"ap14":{"capabilities":"[WPA2-EAP-CCMP][ESS]","level":-78,"frequency":2462,"BSSID":"a0:cf:5b:fa:34:e1","SSID":"eduroam"},"ap15":{"capabilities":"[ESS]","level":-87,"frequency":2437,"BSSID":"24:01:c7:b8:d4:e0","SSID":"aalto open"},"ap12":{"capabilities":"[WPA2-EAP-CCMP][ESS]","level":-83,"frequency":2412,"BSSID":"00:27:0d:0b:d1:c1","SSID":"eduroam"},"ap13":{"capabilities":"[WPA2-PSK-CCMP][ESS]","level":-76,"frequency":2437,"BSSID":"ee:43:f6:71:d2:a0","SSID":"cloudlet_test_2g"},"ap18":{"capabilities":"[IBSS]","level":-78,"frequency":2457,"BSSID":"0e:b6:24:9f:49:f2","SSID":"Portthru"},"ap19":{"capabilities":"[ESS]","level":-85,"frequency":2437,"BSSID":"00:90:4c:91:00:03","SSID":"dd-wrt"},"ap16":{"capabilities":"[WPA2-EAP-CCMP][ESS]","level":-85,"frequency":2462,"BSSID":"00:27:0d:08:c3:21","SSID":"eduroam"},"ap17":{"capabilities":"[WPA2-EAP-CCMP][ESS]","level":-86,"frequency":2437,"BSSID":"24:01:c7:b8:d4:e1","SSID":"eduroam"},"ap9":{"capabilities":"[ESS]","level":-79,"frequency":2462,"BSSID":"a4:56:30:e8:17:60","SSID":"aalto open"},"ap8":{"capabilities":"[WPA2-EAP-CCMP][ESS]","level":-82,"frequency":2462,"BSSID":"a4:56:30:e8:17:61","SSID":"eduroam"},"ap7":{"capabilities":"[WPA2-EAP-CCMP][ESS]","level":-82,"frequency":2462,"BSSID":"00:27:0d:2d:d0:71","SSID":"eduroam"},"ap20":{"capabilities":"[ESS]","level":-85,"frequency":2462,"BSSID":"a0:cf:5b:fa:34:e0","SSID":"aalto open"},"ap11":{"capabilities":"[ESS]","level":-78,"frequency":2462,"BSSID":"00:27:0d:2d:d0:70","SSID":"aalto open"},"ap10":{"capabilities":"[WPA2-PSK-CCMP-preauth][ESS]","level":-85,"frequency":2412,"BSSID":"00:1d:7e:fc:31:06","SSID":"NFC"},"ap2":{"capabilities":"[WPA2-PSK-CCMP][ESS]","level":-76,"frequency":2462,"BSSID":"f8:5f:2a:5f:5c:a8","SSID":"NOKIA Lumia 900_5438"},"ap1":{"capabilities":"[WPA2-EAP-CCMP][ESS]","level":-61,"frequency":2412,"BSSID":"08:1f:f3:b2:d0:a1","SSID":"eduroam"},"ap6":{"capabilities":"[ESS]","level":-63,"frequency":2412,"BSSID":"08:1f:f3:b2:d0:a0","SSID":"aalto open"},"ap5":{"capabilities":"[WPA2-EAP-CCMP][ESS]","level":-78,"frequency":2437,"BSSID":"00:27:0d:2d:dd:c1","SSID":"eduroam"},"ap4":{"capabilities":"[ESS]","level":-75,"frequency":2437,"BSSID":"00:27:0d:2d:dd:c0","SSID":"aalto open"},"ap3":{"capabilities":"[WPA-PSK-TKIP][WPS][ESS]","level":-83,"frequency":2427,"BSSID":"00:18:84:88:bf:88","SSID":"MyPlace"}},"measurement 11":{"ap14":{"capabilities":"[WPA2-EAP-CCMP][ESS]","level":-83,"frequency":2412,"BSSID":"00:27:0d:0b:d1:c1","SSID":"eduroam"},"ap15":{"capabilities":"[WPA2-PSK-CCMP][ESS]","level":-76,"frequency":2437,"BSSID":"ee:43:f6:71:d2:a0","SSID":"cloudlet_test_2g"},"ap12":{"capabilities":"[ESS]","level":-77,"frequency":2462,"BSSID":"00:27:0d:2d:d0:70","SSID":"aalto open"},"ap13":{"capabilities":"[ESS]","level":-86,"frequency":2412,"BSSID":"00:22:55:df:65:10","SSID":"aalto open"},"ap18":{"capabilities":"[ESS]","level":-87,"frequency":2437,"BSSID":"24:01:c7:b8:d4:e0","SSID":"aalto open"},"ap19":{"capabilities":"[ESS]","level":-85,"frequency":2412,"BSSID":"00:27:0d:08:bf:10","SSID":"aalto open"},"ap16":{"capabilities":"[WPA2-EAP-CCMP][ESS]","level":-80,"frequency":2462,"BSSID":"a0:cf:5b:fa:34:e1","SSID":"eduroam"},"ap17":{"capabilities":"[WPA2-EAP-CCMP][ESS]","level":-85,"frequency":2412,"BSSID":"00:27:0d:08:bf:11","SSID":"eduroam"},"ap9":{"capabilities":"[ESS]","level":-82,"frequency":2462,"BSSID":"a4:56:30:e8:17:60","SSID":"aalto open"},"ap8":{"capabilities":"[WPA2-EAP-CCMP][ESS]","level":-82,"frequency":2462,"BSSID":"a4:56:30:e8:17:61","SSID":"eduroam"},"ap7":{"capabilities":"[WPA2-EAP-CCMP][ESS]","level":-75,"frequency":2462,"BSSID":"00:27:0d:2d:d0:71","SSID":"eduroam"},"ap20":{"capabilities":"[WPA2-EAP-CCMP][ESS]","level":-85,"frequency":2462,"BSSID":"00:27:0d:08:c3:21","SSID":"eduroam"},"ap11":{"capabilities":"[WPA2-EAP-CCMP][ESS]","level":-85,"frequency":2412,"BSSID":"00:22:55:df:65:11","SSID":"eduroam"},"ap10":{"capabilities":"[WPA2-PSK-CCMP-preauth][ESS]","level":-85,"frequency":2412,"BSSID":"00:1d:7e:fc:31:06","SSID":"NFC"},"ap22":{"capabilities":"[IBSS]","level":-82,"frequency":2457,"BSSID":"0e:b6:24:9f:49:f2","SSID":"Portthru"},"ap21":{"capabilities":"[WPA2-EAP-CCMP][ESS]","level":-86,"frequency":2437,"BSSID":"24:01:c7:b8:d4:e1","SSID":"eduroam"},"ap2":{"capabilities":"[WPA2-PSK-CCMP][ESS]","level":-76,"frequency":2462,"BSSID":"f8:5f:2a:5f:5c:a8","SSID":"NOKIA Lumia 900_5438"},"ap1":{"capabilities":"[WPA2-EAP-CCMP][ESS]","level":-53,"frequency":2412,"BSSID":"08:1f:f3:b2:d0:a1","SSID":"eduroam"},"ap6":{"capabilities":"[ESS]","level":-64,"frequency":2412,"BSSID":"08:1f:f3:b2:d0:a0","SSID":"aalto open"},"ap5":{"capabilities":"[WPA2-EAP-CCMP][ESS]","level":-80,"frequency":2437,"BSSID":"00:27:0d:2d:dd:c1","SSID":"eduroam"},"ap4":{"capabilities":"[ESS]","level":-79,"frequency":2437,"BSSID":"00:27:0d:2d:dd:c0","SSID":"aalto open"},"ap3":{"capabilities":"[WPA-PSK-TKIP][WPS][ESS]","level":-86,"frequency":2427,"BSSID":"00:18:84:88:bf:88","SSID":"MyPlace"}},"measurement 1":{"ap14":{"capabilities":"[WPA2-EAP-CCMP][ESS]","level":-90,"frequency":2437,"BSSID":"24:01:c7:b8:d4:e1","SSID":"eduroam"},"ap15":{"capabilities":"[ESS]","level":-73,"frequency":2462,"BSSID":"00:27:0d:2d:d0:70","SSID":"aalto open"},"ap12":{"capabilities":"[WPA-PSK-TKIP+CCMP][WPA2-PSK-TKIP+CCMP][WPS][ESS]","level":-91,"frequency":2427,"BSSID":"10:6f:3f:f7:37:c8","SSID":"Ren_2.4"},"ap13":{"capabilities":"[WPA2-EAP-CCMP][ESS]","level":-78,"frequency":2412,"BSSID":"00:22:55:df:65:11","SSID":"eduroam"},"ap18":{"capabilities":"[IBSS]","level":-79,"frequency":2457,"BSSID":"0e:b6:24:9f:49:f2","SSID":"Portthru"},"ap19":{"capabilities":"[ESS]","level":-91,"frequency":2412,"BSSID":"00:27:0d:08:be:80","SSID":"aalto open"},"ap16":{"capabilities":"[ESS]","level":-78,"frequency":2412,"BSSID":"00:22:55:df:65:10","SSID":"aalto open"},"ap17":{"capabilities":"[ESS]","level":-88,"frequency":2412,"BSSID":"00:27:0d:08:bf:10","SSID":"aalto open"},"ap9":{"capabilities":"[ESS]","level":-82,"frequency":2462,"BSSID":"a4:56:30:e8:17:60","SSID":"aalto open"},"ap8":{"capabilities":"[WPA2-EAP-CCMP][ESS]","level":-80,"frequency":2462,"BSSID":"a4:56:30:e8:17:61","SSID":"eduroam"},"ap7":{"capabilities":"[WPA2-EAP-CCMP][ESS]","level":-76,"frequency":2462,"BSSID":"00:27:0d:2d:d0:71","SSID":"eduroam"},"ap11":{"capabilities":"[WPA2-EAP-CCMP][ESS]","level":-88,"frequency":2412,"BSSID":"00:27:0d:08:bf:11","SSID":"eduroam"},"ap10":{"capabilities":"[WPA2-PSK-CCMP-preauth][ESS]","level":-77,"frequency":2412,"BSSID":"00:1d:7e:fc:31:06","SSID":"NFC"},"ap2":{"capabilities":"[WPA2-PSK-CCMP][ESS]","level":-76,"frequency":2462,"BSSID":"f8:5f:2a:5f:5c:a8","SSID":"NOKIA Lumia 900_5438"},"ap1":{"capabilities":"[WPA2-EAP-CCMP][ESS]","level":-61,"frequency":2412,"BSSID":"08:1f:f3:b2:d0:a1","SSID":"eduroam"},"ap6":{"capabilities":"[ESS]","level":-59,"frequency":2412,"BSSID":"08:1f:f3:b2:d0:a0","SSID":"aalto open"},"ap5":{"capabilities":"[WPA2-EAP-CCMP][ESS]","level":-75,"frequency":2437,"BSSID":"00:27:0d:2d:dd:c1","SSID":"eduroam"},"ap4":{"capabilities":"[ESS]","level":-77,"frequency":2437,"BSSID":"00:27:0d:2d:dd:c0","SSID":"aalto open"},"ap3":{"capabilities":"[WPA-PSK-TKIP][WPS][ESS]","level":-84,"frequency":2427,"BSSID":"00:18:84:88:bf:88","SSID":"MyPlace"},"ap23":{"capabilities":"[WPA2-EAP-CCMP][ESS]","level":-88,"frequency":2462,"BSSID":"a0:cf:5b:ca:b0:31","SSID":"eduroam"},"ap24":{"capabilities":"[WPA2-PSK-CCMP][ESS]","level":-87,"frequency":2437,"BSSID":"ee:43:f6:71:d2:a0","SSID":"cloudlet_test_2g"},"ap25":{"capabilities":"[WPA2-EAP-CCMP][ESS]","level":-82,"frequency":2462,"BSSID":"a0:cf:5b:fa:34:e1","SSID":"eduroam"},"ap26":{"capabilities":"[ESS]","level":-83,"frequency":2462,"BSSID":"00:27:0d:08:c3:20","SSID":"aalto open"},"ap27":{"capabilities":"[ESS]","level":-82,"frequency":2462,"BSSID":"08:1f:f3:e0:1a:40","SSID":"aalto open"},"ap28":{"capabilities":"[ESS]","level":-86,"frequency":2462,"BSSID":"a0:cf:5b:ca:b0:30","SSID":"aalto open"},"ap20":{"capabilities":"[ESS]","level":-82,"frequency":2437,"BSSID":"00:90:4c:91:00:03","SSID":"dd-wrt"},"ap22":{"capabilities":"[WPA2-EAP-CCMP][ESS]","level":-87,"frequency":2412,"BSSID":"00:27:0d:0b:d1:c1","SSID":"eduroam"},"ap21":{"capabilities":"[WPA2-EAP-CCMP][ESS]","level":-85,"frequency":2462,"BSSID":"00:27:0d:08:c3:21","SSID":"eduroam"}},"measurement 14":{"ap14":{"capabilities":"[ESS]","level":-85,"frequency":2437,"BSSID":"24:01:c7:b8:d4:e0","SSID":"aalto open"},"ap15":{"capabilities":"[WPA2-EAP-CCMP][ESS]","level":-82,"frequency":2462,"BSSID":"00:27:0d:08:c3:21","SSID":"eduroam"},"ap12":{"capabilities":"[WPA2-PSK-CCMP][ESS]","level":-83,"frequency":2437,"BSSID":"ee:43:f6:71:d2:a0","SSID":"cloudlet_test_2g"},"ap13":{"capabilities":"[WPA2-EAP-CCMP][ESS]","level":-80,"frequency":2462,"BSSID":"a0:cf:5b:fa:34:e1","SSID":"eduroam"},"ap18":{"capabilities":"[ESS]","level":-85,"frequency":2437,"BSSID":"00:90:4c:91:00:03","SSID":"dd-wrt"},"ap19":{"capabilities":"[ESS]","level":-82,"frequency":2462,"BSSID":"a0:cf:5b:fa:34:e0","SSID":"aalto open"},"ap16":{"capabilities":"[WPA2-EAP-CCMP][ESS]","level":-86,"frequency":2437,"BSSID":"24:01:c7:b8:d4:e1","SSID":"eduroam"},"ap17":{"capabilities":"[IBSS]","level":-84,"frequency":2457,"BSSID":"0e:b6:24:9f:49:f2","SSID":"Portthru"},"ap9":{"capabilities":"[ESS]","level":-81,"frequency":2462,"BSSID":"a4:56:30:e8:17:60","SSID":"aalto open"},"ap8":{"capabilities":"[WPA2-EAP-CCMP][ESS]","level":-82,"frequency":2462,"BSSID":"a4:56:30:e8:17:61","SSID":"eduroam"},"ap7":{"capabilities":"[WPA2-EAP-CCMP][ESS]","level":-77,"frequency":2462,"BSSID":"00:27:0d:2d:d0:71","SSID":"eduroam"},"ap20":{"capabilities":"[WPA2-EAP-CCMP][ESS]","level":-83,"frequency":2412,"BSSID":"00:22:55:df:65:11","SSID":"eduroam"},"ap11":{"capabilities":"[ESS]","level":-85,"frequency":2462,"BSSID":"00:27:0d:2d:d0:70","SSID":"aalto open"},"ap10":{"capabilities":"[WPA2-PSK-CCMP-preauth][ESS]","level":-81,"frequency":2412,"BSSID":"00:1d:7e:fc:31:06","SSID":"NFC"},"ap21":{"capabilities":"[ESS]","level":-86,"frequency":2412,"BSSID":"00:27:0d:0b:d1:c0","SSID":"aalto open"},"ap2":{"capabilities":"[WPA2-PSK-CCMP][ESS]","level":-79,"frequency":2462,"BSSID":"f8:5f:2a:5f:5c:a8","SSID":"NOKIA Lumia 900_5438"},"ap1":{"capabilities":"[WPA2-EAP-CCMP][ESS]","level":-55,"frequency":2412,"BSSID":"08:1f:f3:b2:d0:a1","SSID":"eduroam"},"ap6":{"capabilities":"[ESS]","level":-51,"frequency":2412,"BSSID":"08:1f:f3:b2:d0:a0","SSID":"aalto open"},"ap5":{"capabilities":"[WPA2-EAP-CCMP][ESS]","level":-79,"frequency":2437,"BSSID":"00:27:0d:2d:dd:c1","SSID":"eduroam"},"ap4":{"capabilities":"[ESS]","level":-76,"frequency":2437,"BSSID":"00:27:0d:2d:dd:c0","SSID":"aalto open"},"ap3":{"capabilities":"[WPA-PSK-TKIP][WPS][ESS]","level":-79,"frequency":2427,"BSSID":"00:18:84:88:bf:88","SSID":"MyPlace"}},"measurement 2":{"ap14":{"capabilities":"[WPA2-EAP-CCMP][ESS]","level":-87,"frequency":2437,"BSSID":"24:01:c7:b8:d4:e1","SSID":"eduroam"},"ap15":{"capabilities":"[ESS]","level":-79,"frequency":2462,"BSSID":"00:27:0d:2d:d0:70","SSID":"aalto open"},"ap12":{"capabilities":"[WPA-PSK-TKIP+CCMP][WPA2-PSK-TKIP+CCMP][WPS][ESS]","level":-91,"frequency":2427,"BSSID":"10:6f:3f:f7:37:c8","SSID":"Ren_2.4"},"ap13":{"capabilities":"[WPA2-EAP-CCMP][ESS]","level":-78,"frequency":2412,"BSSID":"00:22:55:df:65:11","SSID":"eduroam"},"ap18":{"capabilities":"[IBSS]","level":-79,"frequency":2457,"BSSID":"0e:b6:24:9f:49:f2","SSID":"Portthru"},"ap19":{"capabilities":"[ESS]","level":-91,"frequency":2412,"BSSID":"00:27:0d:08:be:80","SSID":"aalto open"},"ap16":{"capabilities":"[ESS]","level":-87,"frequency":2412,"BSSID":"00:22:55:df:65:10","SSID":"aalto open"},"ap17":{"capabilities":"[ESS]","level":-88,"frequency":2412,"BSSID":"00:27:0d:08:bf:10","SSID":"aalto open"},"ap9":{"capabilities":"[ESS]","level":-82,"frequency":2462,"BSSID":"a4:56:30:e8:17:60","SSID":"aalto open"},"ap8":{"capabilities":"[WPA2-EAP-CCMP][ESS]","level":-84,"frequency":2462,"BSSID":"a4:56:30:e8:17:61","SSID":"eduroam"},"ap30":{"capabilities":"[ESS]","level":-87,"frequency":2437,"BSSID":"24:01:c7:b8:d4:e0","SSID":"aalto open"},"ap7":{"capabilities":"[WPA2-EAP-CCMP][ESS]","level":-80,"frequency":2462,"BSSID":"00:27:0d:2d:d0:71","SSID":"eduroam"},"ap11":{"capabilities":"[WPA2-EAP-CCMP][ESS]","level":-88,"frequency":2412,"BSSID":"00:27:0d:08:bf:11","SSID":"eduroam"},"ap10":{"capabilities":"[WPA2-PSK-CCMP-preauth][ESS]","level":-77,"frequency":2412,"BSSID":"00:1d:7e:fc:31:06","SSID":"NFC"},"ap2":{"capabilities":"[WPA2-PSK-CCMP][ESS]","level":-75,"frequency":2462,"BSSID":"f8:5f:2a:5f:5c:a8","SSID":"NOKIA Lumia 900_5438"},"ap1":{"capabilities":"[WPA2-EAP-CCMP][ESS]","level":-58,"frequency":2412,"BSSID":"08:1f:f3:b2:d0:a1","SSID":"eduroam"},"ap6":{"capabilities":"[ESS]","level":-65,"frequency":2412,"BSSID":"08:1f:f3:b2:d0:a0","SSID":"aalto open"},"ap5":{"capabilities":"[WPA2-EAP-CCMP][ESS]","level":-79,"frequency":2437,"BSSID":"00:27:0d:2d:dd:c1","SSID":"eduroam"},"ap4":{"capabilities":"[ESS]","level":-77,"frequency":2437,"BSSID":"00:27:0d:2d:dd:c0","SSID":"aalto open"},"ap3":{"capabilities":"[WPA-PSK-TKIP][WPS][ESS]","level":-76,"frequency":2427,"BSSID":"00:18:84:88:bf:88","SSID":"MyPlace"},"ap23":{"capabilities":"[WPA2-EAP-CCMP][ESS]","level":-88,"frequency":2462,"BSSID":"a0:cf:5b:ca:b0:31","SSID":"eduroam"},"ap24":{"capabilities":"[WPA2-PSK-CCMP][ESS]","level":-87,"frequency":2437,"BSSID":"ee:43:f6:71:d2:a0","SSID":"cloudlet_test_2g"},"ap25":{"capabilities":"[WPA2-EAP-CCMP][ESS]","level":-82,"frequency":2462,"BSSID":"a0:cf:5b:fa:34:e1","SSID":"eduroam"},"ap26":{"capabilities":"[ESS]","level":-83,"frequency":2462,"BSSID":"00:27:0d:08:c3:20","SSID":"aalto open"},"ap27":{"capabilities":"[ESS]","level":-82,"frequency":2462,"BSSID":"08:1f:f3:e0:1a:40","SSID":"aalto open"},"ap28":{"capabilities":"[ESS]","level":-86,"frequency":2462,"BSSID":"a0:cf:5b:ca:b0:30","SSID":"aalto open"},"ap29":{"capabilities":"[ESS]","level":-84,"frequency":2462,"BSSID":"a0:cf:5b:fa:34:e0","SSID":"aalto open"},"ap20":{"capabilities":"[ESS]","level":-83,"frequency":2437,"BSSID":"00:90:4c:91:00:03","SSID":"dd-wrt"},"ap22":{"capabilities":"[WPA2-EAP-CCMP][ESS]","level":-87,"frequency":2412,"BSSID":"00:27:0d:0b:d1:c1","SSID":"eduroam"},"ap21":{"capabilities":"[WPA2-EAP-CCMP][ESS]","level":-85,"frequency":2462,"BSSID":"00:27:0d:08:c3:21","SSID":"eduroam"}},"measurement 13":{"ap14":{"capabilities":"[ESS]","level":-85,"frequency":2437,"BSSID":"24:01:c7:b8:d4:e0","SSID":"aalto open"},"ap15":{"capabilities":"[WPA2-EAP-CCMP][ESS]","level":-81,"frequency":2462,"BSSID":"00:27:0d:08:c3:21","SSID":"eduroam"},"ap12":{"capabilities":"[WPA2-PSK-CCMP][ESS]","level":-83,"frequency":2437,"BSSID":"ee:43:f6:71:d2:a0","SSID":"cloudlet_test_2g"},"ap13":{"capabilities":"[WPA2-EAP-CCMP][ESS]","level":-80,"frequency":2462,"BSSID":"a0:cf:5b:fa:34:e1","SSID":"eduroam"},"ap18":{"capabilities":"[ESS]","level":-85,"frequency":2437,"BSSID":"00:90:4c:91:00:03","SSID":"dd-wrt"},"ap19":{"capabilities":"[ESS]","level":-85,"frequency":2462,"BSSID":"a0:cf:5b:fa:34:e0","SSID":"aalto open"},"ap16":{"capabilities":"[WPA2-EAP-CCMP][ESS]","level":-86,"frequency":2437,"BSSID":"24:01:c7:b8:d4:e1","SSID":"eduroam"},"ap17":{"capabilities":"[IBSS]","level":-85,"frequency":2457,"BSSID":"0e:b6:24:9f:49:f2","SSID":"Portthru"},"ap9":{"capabilities":"[ESS]","level":-76,"frequency":2462,"BSSID":"a4:56:30:e8:17:60","SSID":"aalto open"},"ap8":{"capabilities":"[WPA2-EAP-CCMP][ESS]","level":-82,"frequency":2462,"BSSID":"a4:56:30:e8:17:61","SSID":"eduroam"},"ap7":{"capabilities":"[WPA2-EAP-CCMP][ESS]","level":-78,"frequency":2462,"BSSID":"00:27:0d:2d:d0:71","SSID":"eduroam"},"ap11":{"capabilities":"[ESS]","level":-79,"frequency":2462,"BSSID":"00:27:0d:2d:d0:70","SSID":"aalto open"},"ap10":{"capabilities":"[WPA2-PSK-CCMP-preauth][ESS]","level":-81,"frequency":2412,"BSSID":"00:1d:7e:fc:31:06","SSID":"NFC"},"ap2":{"capabilities":"[WPA2-PSK-CCMP][ESS]","level":-82,"frequency":2462,"BSSID":"f8:5f:2a:5f:5c:a8","SSID":"NOKIA Lumia 900_5438"},"ap1":{"capabilities":"[WPA2-EAP-CCMP][ESS]","level":-62,"frequency":2412,"BSSID":"08:1f:f3:b2:d0:a1","SSID":"eduroam"},"ap6":{"capabilities":"[ESS]","level":-67,"frequency":2412,"BSSID":"08:1f:f3:b2:d0:a0","SSID":"aalto open"},"ap5":{"capabilities":"[WPA2-EAP-CCMP][ESS]","level":-71,"frequency":2437,"BSSID":"00:27:0d:2d:dd:c1","SSID":"eduroam"},"ap4":{"capabilities":"[ESS]","level":-76,"frequency":2437,"BSSID":"00:27:0d:2d:dd:c0","SSID":"aalto open"},"ap3":{"capabilities":"[WPA-PSK-TKIP][WPS][ESS]","level":-86,"frequency":2427,"BSSID":"00:18:84:88:bf:88","SSID":"MyPlace"}},"measurement 3":{"ap14":{"capabilities":"[ESS]","level":-79,"frequency":2462,"BSSID":"00:27:0d:2d:d0:70","SSID":"aalto open"},"ap15":{"capabilities":"[ESS]","level":-87,"frequency":2412,"BSSID":"00:22:55:df:65:10","SSID":"aalto open"},"ap12":{"capabilities":"[WPA2-EAP-CCMP][ESS]","level":-84,"frequency":2412,"BSSID":"00:22:55:df:65:11","SSID":"eduroam"},"ap13":{"capabilities":"[WPA2-EAP-CCMP][ESS]","level":-87,"frequency":2437,"BSSID":"24:01:c7:b8:d4:e1","SSID":"eduroam"},"ap18":{"capabilities":"[ESS]","level":-83,"frequency":2437,"BSSID":"00:90:4c:91:00:03","SSID":"dd-wrt"},"ap19":{"capabilities":"[WPA2-EAP-CCMP][ESS]","level":-85,"frequency":2462,"BSSID":"00:27:0d:08:c3:21","SSID":"eduroam"},"ap16":{"capabilities":"[ESS]","level":-88,"frequency":2412,"BSSID":"00:27:0d:08:bf:10","SSID":"aalto open"},"ap17":{"capabilities":"[IBSS]","level":-86,"frequency":2457,"BSSID":"0e:b6:24:9f:49:f2","SSID":"Portthru"},"ap9":{"capabilities":"[ESS]","level":-79,"frequency":2462,"BSSID":"a4:56:30:e8:17:60","SSID":"aalto open"},"ap8":{"capabilities":"[WPA2-EAP-CCMP][ESS]","level":-81,"frequency":2462,"BSSID":"a4:56:30:e8:17:61","SSID":"eduroam"},"ap7":{"capabilities":"[WPA2-EAP-CCMP][ESS]","level":-80,"frequency":2462,"BSSID":"00:27:0d:2d:d0:71","SSID":"eduroam"},"ap11":{"capabilities":"[WPA-PSK-TKIP+CCMP][WPA2-PSK-TKIP+CCMP][WPS][ESS]","level":-91,"frequency":2427,"BSSID":"10:6f:3f:f7:37:c8","SSID":"Ren_2.4"},"ap10":{"capabilities":"[WPA2-PSK-CCMP-preauth][ESS]","level":-84,"frequency":2412,"BSSID":"00:1d:7e:fc:31:06","SSID":"NFC"},"ap2":{"capabilities":"[WPA2-PSK-CCMP][ESS]","level":-72,"frequency":2462,"BSSID":"f8:5f:2a:5f:5c:a8","SSID":"NOKIA Lumia 900_5438"},"ap1":{"capabilities":"[WPA2-EAP-CCMP][ESS]","level":-51,"frequency":2412,"BSSID":"08:1f:f3:b2:d0:a1","SSID":"eduroam"},"ap6":{"capabilities":"[ESS]","level":-52,"frequency":2412,"BSSID":"08:1f:f3:b2:d0:a0","SSID":"aalto open"},"ap5":{"capabilities":"[WPA2-EAP-CCMP][ESS]","level":-76,"frequency":2437,"BSSID":"00:27:0d:2d:dd:c1","SSID":"eduroam"},"ap4":{"capabilities":"[ESS]","level":-78,"frequency":2437,"BSSID":"00:27:0d:2d:dd:c0","SSID":"aalto open"},"ap3":{"capabilities":"[WPA-PSK-TKIP][WPS][ESS]","level":-77,"frequency":2427,"BSSID":"00:18:84:88:bf:88","SSID":"MyPlace"},"ap23":{"capabilities":"[WPA2-EAP-CCMP][ESS]","level":-81,"frequency":2462,"BSSID":"a0:cf:5b:fa:34:e1","SSID":"eduroam"},"ap24":{"capabilities":"[ESS]","level":-82,"frequency":2462,"BSSID":"08:1f:f3:e0:1a:40","SSID":"aalto open"},"ap25":{"capabilities":"[ESS]","level":-81,"frequency":2462,"BSSID":"a0:cf:5b:ca:b0:30","SSID":"aalto open"},"ap26":{"capabilities":"[ESS]","level":-84,"frequency":2462,"BSSID":"a0:cf:5b:fa:34:e0","SSID":"aalto open"},"ap27":{"capabilities":"[ESS]","level":-85,"frequency":2437,"BSSID":"24:01:c7:b8:d4:e0","SSID":"aalto open"},"ap20":{"capabilities":"[WPA2-EAP-CCMP][ESS]","level":-87,"frequency":2412,"BSSID":"00:27:0d:0b:d1:c1","SSID":"eduroam"},"ap22":{"capabilities":"[WPA2-PSK-CCMP][ESS]","level":-87,"frequency":2437,"BSSID":"ee:43:f6:71:d2:a0","SSID":"cloudlet_test_2g"},"ap21":{"capabilities":"[WPA2-EAP-CCMP][ESS]","level":-86,"frequency":2462,"BSSID":"a0:cf:5b:ca:b0:31","SSID":"eduroam"}},"measurement 15":{"ap23":{"capabilities":"[ESS]","level":-84,"frequency":2412,"BSSID":"00:22:55:df:65:10","SSID":"aalto open"},"ap14":{"capabilities":"[ESS]","level":-85,"frequency":2437,"BSSID":"24:01:c7:b8:d4:e0","SSID":"aalto open"},"ap15":{"capabilities":"[WPA2-EAP-CCMP][ESS]","level":-81,"frequency":2462,"BSSID":"00:27:0d:08:c3:21","SSID":"eduroam"},"ap12":{"capabilities":"[WPA2-PSK-CCMP][ESS]","level":-83,"frequency":2437,"BSSID":"ee:43:f6:71:d2:a0","SSID":"cloudlet_test_2g"},"ap13":{"capabilities":"[WPA2-EAP-CCMP][ESS]","level":-81,"frequency":2462,"BSSID":"a0:cf:5b:fa:34:e1","SSID":"eduroam"},"ap18":{"capabilities":"[ESS]","level":-86,"frequency":2437,"BSSID":"00:90:4c:91:00:03","SSID":"dd-wrt"},"ap19":{"capabilities":"[ESS]","level":-78,"frequency":2462,"BSSID":"a0:cf:5b:fa:34:e0","SSID":"aalto open"},"ap16":{"capabilities":"[WPA2-EAP-CCMP][ESS]","level":-86,"frequency":2437,"BSSID":"24:01:c7:b8:d4:e1","SSID":"eduroam"},"ap17":{"capabilities":"[IBSS]","level":-86,"frequency":2457,"BSSID":"0e:b6:24:9f:49:f2","SSID":"Portthru"},"ap9":{"capabilities":"[ESS]","level":-75,"frequency":2462,"BSSID":"a4:56:30:e8:17:60","SSID":"aalto open"},"ap8":{"capabilities":"[WPA2-EAP-CCMP][ESS]","level":-82,"frequency":2462,"BSSID":"a4:56:30:e8:17:61","SSID":"eduroam"},"ap7":{"capabilities":"[WPA2-EAP-CCMP][ESS]","level":-77,"frequency":2462,"BSSID":"00:27:0d:2d:d0:71","SSID":"eduroam"},"ap20":{"capabilities":"[WPA2-EAP-CCMP][ESS]","level":-84,"frequency":2412,"BSSID":"00:22:55:df:65:11","SSID":"eduroam"},"ap11":{"capabilities":"[ESS]","level":-77,"frequency":2462,"BSSID":"00:27:0d:2d:d0:70","SSID":"aalto open"},"ap10":{"capabilities":"[WPA2-PSK-CCMP-preauth][ESS]","level":-83,"frequency":2412,"BSSID":"00:1d:7e:fc:31:06","SSID":"NFC"},"ap22":{"capabilities":"[WPA2-EAP-CCMP][ESS]","level":-90,"frequency":2412,"BSSID":"00:27:0d:0b:d1:c1","SSID":"eduroam"},"ap21":{"capabilities":"[ESS]","level":-86,"frequency":2412,"BSSID":"00:27:0d:0b:d1:c0","SSID":"aalto open"},"ap2":{"capabilities":"[WPA2-PSK-CCMP][ESS]","level":-84,"frequency":2462,"BSSID":"f8:5f:2a:5f:5c:a8","SSID":"NOKIA Lumia 900_5438"},"ap1":{"capabilities":"[WPA2-EAP-CCMP][ESS]","level":-62,"frequency":2412,"BSSID":"08:1f:f3:b2:d0:a1","SSID":"eduroam"},"ap6":{"capabilities":"[ESS]","level":-53,"frequency":2412,"BSSID":"08:1f:f3:b2:d0:a0","SSID":"aalto open"},"ap5":{"capabilities":"[WPA2-EAP-CCMP][ESS]","level":-80,"frequency":2437,"BSSID":"00:27:0d:2d:dd:c1","SSID":"eduroam"},"ap4":{"capabilities":"[ESS]","level":-77,"frequency":2437,"BSSID":"00:27:0d:2d:dd:c0","SSID":"aalto open"},"ap3":{"capabilities":"[WPA-PSK-TKIP][WPS][ESS]","level":-83,"frequency":2427,"BSSID":"00:18:84:88:bf:88","SSID":"MyPlace"}}}