{"measurement 5":{"ap14":{"capabilities":"[WPA2-EAP-CCMP][ESS]","level":-90,"frequency":2412,"BSSID":"00:27:0d:30:2a:61","SSID":"eduroam"},"ap15":{"capabilities":"[WPA2-PSK-CCMP-preauth][ESS]","level":-93,"frequency":2412,"BSSID":"00:1d:7e:fc:31:06","SSID":"NFC"},"ap12":{"capabilities":"[ESS]","level":-84,"frequency":2462,"BSSID":"08:1f:f3:b2:d4:b0","SSID":"aalto open"},"ap13":{"capabilities":"[WPA2-EAP-CCMP][ESS]","level":-81,"frequency":2462,"BSSID":"00:27:0d:2d:d0:71","SSID":"eduroam"},"ap9":{"capabilities":"[ESS]","level":-79,"frequency":2412,"BSSID":"08:1f:f3:b2:d0:a0","SSID":"aalto open"},"ap8":{"capabilities":"[ESS]","level":-82,"frequency":2462,"BSSID":"00:27:0d:08:c2:10","SSID":"aalto open"},"ap7":{"capabilities":"[WPA2-PSK-CCMP][ESS]","level":-87,"frequency":2412,"BSSID":"00:24:36:a6:e0:13","SSID":"marjonverkko"},"ap11":{"capabilities":"[ESS]","level":-81,"frequency":2462,"BSSID":"a0:cf:5b:fa:34:e0","SSID":"aalto open"},"ap10":{"capabilities":"[WPA2-EAP-CCMP][ESS]","level":-81,"frequency":2462,"BSSID":"a0:cf:5b:fa:34:e1","SSID":"eduroam"},"ap2":{"capabilities":"[WPA2-EAP-CCMP][ESS]","level":-77,"frequency":2412,"BSSID":"08:1f:f3:b2:d0:a1","SSID":"eduroam"},"ap1":{"capabilities":"[WPA2-EAP-CCMP][ESS]","level":-84,"frequency":2437,"BSSID":"00:27:0d:2d:dd:c1","SSID":"eduroam"},"ap6":{"capabilities":"[WPA2-EAP-CCMP][ESS]","level":-80,"frequency":2462,"BSSID":"00:27:0d:08:c2:11","SSID":"eduroam"},"ap5":{"capabilities":"[ESS]","level":-65,"frequency":2412,"BSSID":"00:27:0d:2e:79:f0","SSID":"aalto open"},"ap4":{"capabilities":"[WPA-PSK-TKIP][WPS][ESS]","level":-75,"frequency":2427,"BSSID":"00:18:84:88:bf:88","SSID":"MyPlace"},"ap3":{"capabilities":"[WPA2-EAP-CCMP][ESS]","level":-65,"frequency":2412,"BSSID":"00:27:0d:2e:79:f1","SSID":"eduroam"}},"measurement 4":{"ap9":{"capabilities":"[ESS]","level":-79,"frequency":2412,"BSSID":"08:1f:f3:b2:d0:a0","SSID":"aalto open"},"ap8":{"capabilities":"[ESS]","level":-81,"frequency":2462,"BSSID":"00:27:0d:08:c2:10","SSID":"aalto open"},"ap7":{"capabilities":"[WPA2-PSK-CCMP][ESS]","level":-83,"frequency":2412,"BSSID":"00:24:36:a6:e0:13","SSID":"marjonverkko"},"ap11":{"capabilities":"[ESS]","level":-81,"frequency":2462,"BSSID":"a0:cf:5b:fa:34:e0","SSID":"aalto open"},"ap10":{"capabilities":"[WPA2-EAP-CCMP][ESS]","level":-81,"frequency":2462,"BSSID":"a0:cf:5b:fa:34:e1","SSID":"eduroam"},"ap2":{"capabilities":"[WPA2-EAP-CCMP][ESS]","level":-80,"frequency":2412,"BSSID":"08:1f:f3:b2:d0:a1","SSID":"eduroam"},"ap1":{"capabilities":"[WPA2-EAP-CCMP][ESS]","level":-84,"frequency":2437,"BSSID":"00:27:0d:2d:dd:c1","SSID":"eduroam"},"ap12":{"capabilities":"[ESS]","level":-84,"frequency":2462,"BSSID":"08:1f:f3:b2:d4:b0","SSID":"aalto open"},"ap6":{"capabilities":"[WPA2-EAP-CCMP][ESS]","level":-79,"frequency":2462,"BSSID":"00:27:0d:08:c2:11","SSID":"eduroam"},"ap5":{"capabilities":"[ESS]","level":-71,"frequency":2412,"BSSID":"00:27:0d:2e:79:f0","SSID":"aalto open"},"ap4":{"capabilities":"[WPA-PSK-TKIP][WPS][ESS]","level":-76,"frequency":2427,"BSSID":"00:18:84:88:bf:88","SSID":"MyPlace"},"ap3":{"capabilities":"[WPA2-EAP-CCMP][ESS]","level":-69,"frequency":2412,"BSSID":"00:27:0d:2e:79:f1","SSID":"eduroam"}},"measurement 7":{"ap14":{"capabilities":"[WPA2-PSK-CCMP-preauth][ESS]","level":-93,"frequency":2412,"BSSID":"00:1d:7e:fc:31:06","SSID":"NFC"},"ap15":{"capabilities":"[ESS]","level":-87,"frequency":2437,"BSSID":"00:27:0d:2d:dd:c0","SSID":"aalto open"},"ap12":{"capabilities":"[WPA2-EAP-CCMP][ESS]","level":-87,"frequency":2462,"BSSID":"00:27:0d:2d:d0:71","SSID":"eduroam"},"ap13":{"capabilities":"[WPA2-EAP-CCMP][ESS]","level":-90,"frequency":2412,"BSSID":"00:27:0d:30:2a:61","SSID":"eduroam"},"ap16":{"capabilities":"[ESS]","level":-92,"frequency":2412,"BSSID":"00:27:0d:0b:d1:c0","SSID":"aalto open"},"ap9":{"capabilities":"[ESS]","level":-79,"frequency":2412,"BSSID":"08:1f:f3:b2:d0:a0","SSID":"aalto open"},"ap8":{"capabilities":"[ESS]","level":-82,"frequency":2462,"BSSID":"00:27:0d:08:c2:10","SSID":"aalto open"},"ap7":{"capabilities":"[WPA2-PSK-CCMP][ESS]","level":-87,"frequency":2412,"BSSID":"00:24:36:a6:e0:13","SSID":"marjonverkko"},"ap11":{"capabilities":"[ESS]","level":-84,"frequency":2462,"BSSID":"a0:cf:5b:fa:34:e0","SSID":"aalto open"},"ap10":{"capabilities":"[WPA2-EAP-CCMP][ESS]","level":-81,"frequency":2462,"BSSID":"a0:cf:5b:fa:34:e1","SSID":"eduroam"},"ap2":{"capabilities":"[WPA2-EAP-CCMP][ESS]","level":-71,"frequency":2412,"BSSID":"08:1f:f3:b2:d0:a1","SSID":"eduroam"},"ap1":{"capabilities":"[WPA2-EAP-CCMP][ESS]","level":-87,"frequency":2437,"BSSID":"00:27:0d:2d:dd:c1","SSID":"eduroam"},"ap6":{"capabilities":"[WPA2-EAP-CCMP][ESS]","level":-79,"frequency":2462,"BSSID":"00:27:0d:08:c2:11","SSID":"eduroam"},"ap5":{"capabilities":"[ESS]","level":-65,"frequency":2412,"BSSID":"00:27:0d:2e:79:f0","SSID":"aalto open"},"ap4":{"capabilities":"[WPA-PSK-TKIP][WPS][ESS]","level":-75,"frequency":2427,"BSSID":"00:18:84:88:bf:88","SSID":"MyPlace"},"ap3":{"capabilities":"[WPA2-EAP-CCMP][ESS]","level":-73,"frequency":2412,"BSSID":"00:27:0d:2e:79:f1","SSID":"eduroam"}},"measurement 6":{"ap14":{"capabilities":"[WPA2-EAP-CCMP][ESS]","level":-90,"frequency":2412,"BSSID":"00:27:0d:30:2a:61","SSID":"eduroam"},"ap15":{"capabilities":"[WPA2-PSK-CCMP-preauth][ESS]","level":-93,"frequency":2412,"BSSID":"00:1d:7e:fc:31:06","SSID":"NFC"},"ap12":{"capabilities":"[ESS]","level":-84,"frequency":2462,"BSSID":"08:1f:f3:b2:d4:b0","SSID":"aalto open"},"ap13":{"capabilities":"[WPA2-EAP-CCMP][ESS]","level":-81,"frequency":2462,"BSSID":"00:27:0d:2d:d0:71","SSID":"eduroam"},"ap9":{"capabilities":"[ESS]","level":-73,"frequency":2412,"BSSID":"08:1f:f3:b2:d0:a0","SSID":"aalto open"},"ap8":{"capabilities":"[ESS]","level":-82,"frequency":2462,"BSSID":"00:27:0d:08:c2:10","SSID":"aalto open"},"ap7":{"capabilities":"[WPA2-PSK-CCMP][ESS]","level":-87,"frequency":2412,"BSSID":"00:24:36:a6:e0:13","SSID":"marjonverkko"},"ap11":{"capabilities":"[ESS]","level":-84,"frequency":2462,"BSSID":"a0:cf:5b:fa:34:e0","SSID":"aalto open"},"ap10":{"capabilities":"[WPA2-EAP-CCMP][ESS]","level":-81,"frequency":2462,"BSSID":"a0:cf:5b:fa:34:e1","SSID":"eduroam"},"ap2":{"capabilities":"[WPA2-EAP-CCMP][ESS]","level":-78,"frequency":2412,"BSSID":"08:1f:f3:b2:d0:a1","SSID":"eduroam"},"ap1":{"capabilities":"[WPA2-EAP-CCMP][ESS]","level":-86,"frequency":2437,"BSSID":"00:27:0d:2d:dd:c1","SSID":"eduroam"},"ap6":{"capabilities":"[WPA2-EAP-CCMP][ESS]","level":-79,"frequency":2462,"BSSID":"00:27:0d:08:c2:11","SSID":"eduroam"},"ap5":{"capabilities":"[ESS]","level":-69,"frequency":2412,"BSSID":"00:27:0d:2e:79:f0","SSID":"aalto open"},"ap4":{"capabilities":"[WPA-PSK-TKIP][WPS][ESS]","level":-77,"frequency":2427,"BSSID":"00:18:84:88:bf:88","SSID":"MyPlace"},"ap3":{"capabilities":"[WPA2-EAP-CCMP][ESS]","level":-76,"frequency":2412,"BSSID":"00:27:0d:2e:79:f1","SSID":"eduroam"}},"measurement 9":{"ap14":{"capabilities":"[ESS]","level":-84,"frequency":2437,"BSSID":"00:27:0d:2d:dd:c0","SSID":"aalto open"},"ap15":{"capabilities":"[ESS]","level":-92,"frequency":2412,"BSSID":"00:27:0d:0b:d1:c0","SSID":"aalto open"},"ap12":{"capabilities":"[WPA2-EAP-CCMP][ESS]","level":-83,"frequency":2462,"BSSID":"00:27:0d:2d:d0:71","SSID":"eduroam"},"ap13":{"capabilities":"[WPA2-PSK-CCMP-preauth][ESS]","level":-86,"frequency":2412,"BSSID":"00:1d:7e:fc:31:06","SSID":"NFC"},"ap16":{"capabilities":"[ESS]","level":-84,"frequency":2462,"BSSID":"a4:56:30:e8:17:60","SSID":"aalto open"},"ap9":{"capabilities":"[ESS]","level":-73,"frequency":2412,"BSSID":"08:1f:f3:b2:d0:a0","SSID":"aalto open"},"ap8":{"capabilities":"[ESS]","level":-82,"frequency":2462,"BSSID":"00:27:0d:08:c2:10","SSID":"aalto open"},"ap7":{"capabilities":"[WPA2-PSK-CCMP][ESS]","level":-85,"frequency":2412,"BSSID":"00:24:36:a6:e0:13","SSID":"marjonverkko"},"ap11":{"capabilities":"[ESS]","level":-84,"frequency":2462,"BSSID":"a0:cf:5b:fa:34:e0","SSID":"aalto open"},"ap10":{"capabilities":"[WPA2-EAP-CCMP][ESS]","level":-81,"frequency":2462,"BSSID":"a0:cf:5b:fa:34:e1","SSID":"eduroam"},"ap2":{"capabilities":"[WPA2-EAP-CCMP][ESS]","level":-78,"frequency":2412,"BSSID":"08:1f:f3:b2:d0:a1","SSID":"eduroam"},"ap1":{"capabilities":"[WPA2-EAP-CCMP][ESS]","level":-87,"frequency":2437,"BSSID":"00:27:0d:2d:dd:c1","SSID":"eduroam"},"ap6":{"capabilities":"[WPA2-EAP-CCMP][ESS]","level":-80,"frequency":2462,"BSSID":"00:27:0d:08:c2:11","SSID":"eduroam"},"ap5":{"capabilities":"[ESS]","level":-66,"frequency":2412,"BSSID":"00:27:0d:2e:79:f0","SSID":"aalto open"},"ap4":{"capabilities":"[WPA-PSK-TKIP][WPS][ESS]","level":-71,"frequency":2427,"BSSID":"00:18:84:88:bf:88","SSID":"MyPlace"},"ap3":{"capabilities":"[WPA2-EAP-CCMP][ESS]","level":-67,"frequency":2412,"BSSID":"00:27:0d:2e:79:f1","SSID":"eduroam"}},"measurement 8":{"ap14":{"capabilities":"[WPA2-PSK-CCMP-preauth][ESS]","level":-93,"frequency":2412,"BSSID":"00:1d:7e:fc:31:06","SSID":"NFC"},"ap15":{"capabilities":"[ESS]","level":-82,"frequency":2437,"BSSID":"00:27:0d:2d:dd:c0","SSID":"aalto open"},"ap12":{"capabilities":"[WPA2-EAP-CCMP][ESS]","level":-87,"frequency":2462,"BSSID":"00:27:0d:2d:d0:71","SSID":"eduroam"},"ap13":{"capabilities":"[WPA2-EAP-CCMP][ESS]","level":-90,"frequency":2412,"BSSID":"00:27:0d:30:2a:61","SSID":"eduroam"},"ap16":{"capabilities":"[ESS]","level":-92,"frequency":2412,"BSSID":"00:27:0d:0b:d1:c0","SSID":"aalto open"},"ap17":{"capabilities":"[ESS]","level":-84,"frequency":2462,"BSSID":"a4:56:30:e8:17:60","SSID":"aalto open"},"ap9":{"capabilities":"[ESS]","level":-81,"frequency":2412,"BSSID":"08:1f:f3:b2:d0:a0","SSID":"aalto open"},"ap8":{"capabilities":"[ESS]","level":-82,"frequency":2462,"BSSID":"00:27:0d:08:c2:10","SSID":"aalto open"},"ap7":{"capabilities":"[WPA2-PSK-CCMP][ESS]","level":-87,"frequency":2412,"BSSID":"00:24:36:a6:e0:13","SSID":"marjonverkko"},"ap11":{"capabilities":"[ESS]","level":-84,"frequency":2462,"BSSID":"a0:cf:5b:fa:34:e0","SSID":"aalto open"},"ap10":{"capabilities":"[WPA2-EAP-CCMP][ESS]","level":-81,"frequency":2462,"BSSID":"a0:cf:5b:fa:34:e1","SSID":"eduroam"},"ap2":{"capabilities":"[WPA2-EAP-CCMP][ESS]","level":-80,"frequency":2412,"BSSID":"08:1f:f3:b2:d0:a1","SSID":"eduroam"},"ap1":{"capabilities":"[WPA2-EAP-CCMP][ESS]","level":-87,"frequency":2437,"BSSID":"00:27:0d:2d:dd:c1","SSID":"eduroam"},"ap6":{"capabilities":"[WPA2-EAP-CCMP][ESS]","level":-79,"frequency":2462,"BSSID":"00:27:0d:08:c2:11","SSID":"eduroam"},"ap5":{"capabilities":"[ESS]","level":-77,"frequency":2412,"BSSID":"00:27:0d:2e:79:f0","SSID":"aalto open"},"ap4":{"capabilities":"[WPA-PSK-TKIP][WPS][ESS]","level":-74,"frequency":2427,"BSSID":"00:18:84:88:bf:88","SSID":"MyPlace"},"ap3":{"capabilities":"[WPA2-EAP-CCMP][ESS]","level":-68,"frequency":2412,"BSSID":"00:27:0d:2e:79:f1","SSID":"eduroam"}},"measurement 10":{"ap14":{"capabilities":"[ESS]","level":-92,"frequency":2412,"BSSID":"00:27:0d:0b:d1:c0","SSID":"aalto open"},"ap15":{"capabilities":"[ESS]","level":-83,"frequency":2462,"BSSID":"a4:56:30:e8:17:60","SSID":"aalto open"},"ap12":{"capabilities":"[WPA2-PSK-CCMP-preauth][ESS]","level":-86,"frequency":2412,"BSSID":"00:1d:7e:fc:31:06","SSID":"NFC"},"ap13":{"capabilities":"[ESS]","level":-86,"frequency":2437,"BSSID":"00:27:0d:2d:dd:c0","SSID":"aalto open"},"ap9":{"capabilities":"[ESS]","level":-73,"frequency":2412,"BSSID":"08:1f:f3:b2:d0:a0","SSID":"aalto open"},"ap8":{"capabilities":"[ESS]","level":-81,"frequency":2462,"BSSID":"00:27:0d:08:c2:10","SSID":"aalto open"},"ap7":{"capabilities":"[WPA2-PSK-CCMP][ESS]","level":-85,"frequency":2412,"BSSID":"00:24:36:a6:e0:13","SSID":"marjonverkko"},"ap11":{"capabilities":"[WPA2-EAP-CCMP][ESS]","level":-83,"frequency":2462,"BSSID":"00:27:0d:2d:d0:71","SSID":"eduroam"},"ap10":{"capabilities":"[WPA2-EAP-CCMP][ESS]","level":-81,"frequency":2462,"BSSID":"a0:cf:5b:fa:34:e1","SSID":"eduroam"},"ap2":{"capabilities":"[WPA2-EAP-CCMP][ESS]","level":-75,"frequency":2412,"BSSID":"08:1f:f3:b2:d0:a1","SSID":"eduroam"},"ap1":{"capabilities":"[WPA2-EAP-CCMP][ESS]","level":-88,"frequency":2437,"BSSID":"00:27:0d:2d:dd:c1","SSID":"eduroam"},"ap6":{"capabilities":"[WPA2-EAP-CCMP][ESS]","level":-80,"frequency":2462,"BSSID":"00:27:0d:08:c2:11","SSID":"eduroam"},"ap5":{"capabilities":"[ESS]","level":-70,"frequency":2412,"BSSID":"00:27:0d:2e:79:f0","SSID":"aalto open"},"ap4":{"capabilities":"[WPA-PSK-TKIP][WPS][ESS]","level":-73,"frequency":2427,"BSSID":"00:18:84:88:bf:88","SSID":"MyPlace"},"ap3":{"capabilities":"[WPA2-EAP-CCMP][ESS]","level":-70,"frequency":2412,"BSSID":"00:27:0d:2e:79:f1","SSID":"eduroam"}},"measurement 12":{"ap14":{"capabilities":"[ESS]","level":-83,"frequency":2462,"BSSID":"a4:56:30:e8:17:60","SSID":"aalto open"},"ap15":{"capabilities":"[ESS]","level":-93,"frequency":2412,"BSSID":"00:27:0d:30:2a:60","SSID":"aalto open"},"ap12":{"capabilities":"[WPA2-PSK-CCMP-preauth][ESS]","level":-84,"frequency":2412,"BSSID":"00:1d:7e:fc:31:06","SSID":"NFC"},"ap13":{"capabilities":"[ESS]","level":-78,"frequency":2437,"BSSID":"00:27:0d:2d:dd:c0","SSID":"aalto open"},"ap18":{"capabilities":"[ESS]","level":-82,"frequency":2462,"BSSID":"a0:cf:5b:fa:34:e0","SSID":"aalto open"},"ap16":{"capabilities":"[ESS]","level":-82,"frequency":2462,"BSSID":"08:1f:f3:b2:d4:b0","SSID":"aalto open"},"ap17":{"capabilities":"[ESS]","level":-82,"frequency":2462,"BSSID":"00:27:0d:2d:d0:70","SSID":"aalto open"},"ap9":{"capabilities":"[ESS]","level":-77,"frequency":2412,"BSSID":"08:1f:f3:b2:d0:a0","SSID":"aalto open"},"ap8":{"capabilities":"[ESS]","level":-83,"frequency":2462,"BSSID":"00:27:0d:08:c2:10","SSID":"aalto open"},"ap7":{"capabilities":"[WPA2-PSK-CCMP][ESS]","level":-82,"frequency":2412,"BSSID":"00:24:36:a6:e0:13","SSID":"marjonverkko"},"ap11":{"capabilities":"[WPA2-EAP-CCMP][ESS]","level":-78,"frequency":2462,"BSSID":"00:27:0d:2d:d0:71","SSID":"eduroam"},"ap10":{"capabilities":"[WPA2-EAP-CCMP][ESS]","level":-79,"frequency":2462,"BSSID":"a0:cf:5b:fa:34:e1","SSID":"eduroam"},"ap2":{"capabilities":"[WPA2-EAP-CCMP][ESS]","level":-81,"frequency":2412,"BSSID":"08:1f:f3:b2:d0:a1","SSID":"eduroam"},"ap1":{"capabilities":"[WPA2-EAP-CCMP][ESS]","level":-81,"frequency":2437,"BSSID":"00:27:0d:2d:dd:c1","SSID":"eduroam"},"ap6":{"capabilities":"[WPA2-EAP-CCMP][ESS]","level":-77,"frequency":2462,"BSSID":"00:27:0d:08:c2:11","SSID":"eduroam"},"ap5":{"capabilities":"[ESS]","level":-72,"frequency":2412,"BSSID":"00:27:0d:2e:79:f0","SSID":"aalto open"},"ap4":{"capabilities":"[WPA-PSK-TKIP][WPS][ESS]","level":-73,"frequency":2427,"BSSID":"00:18:84:88:bf:88","SSID":"MyPlace"},"ap3":{"capabilities":"[WPA2-EAP-CCMP][ESS]","level":-74,"frequency":2412,"BSSID":"00:27:0d:2e:79:f1","SSID":"eduroam"}},"measurement 11":{"ap14":{"capabilities":"[ESS]","level":-83,"frequency":2462,"BSSID":"a4:56:30:e8:17:60","SSID":"aalto open"},"ap15":{"capabilities":"[ESS]","level":-93,"frequency":2412,"BSSID":"00:27:0d:30:2a:60","SSID":"aalto open"},"ap12":{"capabilities":"[WPA2-PSK-CCMP-preauth][ESS]","level":-86,"frequency":2412,"BSSID":"00:1d:7e:fc:31:06","SSID":"NFC"},"ap13":{"capabilities":"[ESS]","level":-86,"frequency":2437,"BSSID":"00:27:0d:2d:dd:c0","SSID":"aalto open"},"ap9":{"capabilities":"[ESS]","level":-76,"frequency":2412,"BSSID":"08:1f:f3:b2:d0:a0","SSID":"aalto open"},"ap8":{"capabilities":"[ESS]","level":-82,"frequency":2462,"BSSID":"00:27:0d:08:c2:10","SSID":"aalto open"},"ap7":{"capabilities":"[WPA2-PSK-CCMP][ESS]","level":-82,"frequency":2412,"BSSID":"00:24:36:a6:e0:13","SSID":"marjonverkko"},"ap11":{"capabilities":"[WPA2-EAP-CCMP][ESS]","level":-86,"frequency":2462,"BSSID":"00:27:0d:2d:d0:71","SSID":"eduroam"},"ap10":{"capabilities":"[WPA2-EAP-CCMP][ESS]","level":-79,"frequency":2462,"BSSID":"a0:cf:5b:fa:34:e1","SSID":"eduroam"},"ap2":{"capabilities":"[WPA2-EAP-CCMP][ESS]","level":-75,"frequency":2412,"BSSID":"08:1f:f3:b2:d0:a1","SSID":"eduroam"},"ap1":{"capabilities":"[WPA2-EAP-CCMP][ESS]","level":-84,"frequency":2437,"BSSID":"00:27:0d:2d:dd:c1","SSID":"eduroam"},"ap6":{"capabilities":"[WPA2-EAP-CCMP][ESS]","level":-84,"frequency":2462,"BSSID":"00:27:0d:08:c2:11","SSID":"eduroam"},"ap5":{"capabilities":"[ESS]","level":-74,"frequency":2412,"BSSID":"00:27:0d:2e:79:f0","SSID":"aalto open"},"ap4":{"capabilities":"[WPA-PSK-TKIP][WPS][ESS]","level":-77,"frequency":2427,"BSSID":"00:18:84:88:bf:88","SSID":"MyPlace"},"ap3":{"capabilities":"[WPA2-EAP-CCMP][ESS]","level":-72,"frequency":2412,"BSSID":"00:27:0d:2e:79:f1","SSID":"eduroam"}},"measurement 1":{"ap23":{"capabilities":"[ESS]","level":-89,"frequency":2437,"BSSID":"00:90:4c:91:00:03","SSID":"dd-wrt"},"ap14":{"capabilities":"[WPA2-EAP-CCMP][ESS]","level":-68,"frequency":2412,"BSSID":"08:1f:f3:b2:d0:a1","SSID":"eduroam"},"ap15":{"capabilities":"[WPA2-EAP-CCMP][ESS]","level":-86,"frequency":2412,"BSSID":"00:27:0d:2e:79:f1","SSID":"eduroam"},"ap12":{"capabilities":"[WPA2-PSK-CCMP][ESS]","level":-87,"frequency":2427,"BSSID":"30:85:a9:6c:9b:e2","SSID":"Ren_2.4G"},"ap13":{"capabilities":"[IBSS]","level":-80,"frequency":2457,"BSSID":"0e:b6:24:9f:49:f2","SSID":"Portthru"},"ap18":{"capabilities":"[WPA-PSK-TKIP][WPS][ESS]","level":-72,"frequency":2427,"BSSID":"00:18:84:88:bf:88","SSID":"MyPlace"},"ap19":{"capabilities":"[WPA2-EAP-CCMP][ESS]","level":-84,"frequency":2462,"BSSID":"00:22:55:df:64:d1","SSID":"eduroam"},"ap16":{"capabilities":"[ESS]","level":-85,"frequency":2457,"BSSID":"10:9a:dd:8c:a6:af","SSID":"Apple Network 8ca6af"},"ap17":{"capabilities":"[ESS]","level":-85,"frequency":2412,"BSSID":"00:27:0d:08:bf:10","SSID":"aalto open"},"ap9":{"capabilities":"[ESS]","level":-69,"frequency":2412,"BSSID":"00:27:0d:08:be:80","SSID":"aalto open"},"ap8":{"capabilities":"[WPA2-PSK-CCMP][WPS][ESS]","level":-76,"frequency":2462,"BSSID":"22:2f:6b:6a:86:50","SSID":"cellulaire gsm olivier"},"ap7":{"capabilities":"[WPA2-EAP-CCMP][ESS]","level":-69,"frequency":2412,"BSSID":"00:27:0d:08:be:81","SSID":"eduroam"},"ap20":{"capabilities":"[WPA2-EAP-CCMP][ESS]","level":-74,"frequency":2412,"BSSID":"00:22:55:df:65:11","SSID":"eduroam"},"ap11":{"capabilities":"[ESS]","level":-81,"frequency":2437,"BSSID":"a0:cf:5b:ca:a9:00","SSID":"aalto open"},"ap10":{"capabilities":"[WPA2-EAP-CCMP][ESS]","level":-78,"frequency":2437,"BSSID":"a0:cf:5b:ca:a9:01","SSID":"eduroam"},"ap22":{"capabilities":"[ESS]","level":-88,"frequency":2412,"BSSID":"00:27:0d:2e:79:f0","SSID":"aalto open"},"ap21":{"capabilities":"[ESS]","level":-76,"frequency":2412,"BSSID":"00:22:55:df:65:10","SSID":"aalto open"},"ap2":{"capabilities":"[WPA2-EAP-CCMP][ESS]","level":-64,"frequency":2437,"BSSID":"00:27:0d:2d:dd:c1","SSID":"eduroam"},"ap1":{"capabilities":"[ESS]","level":-64,"frequency":2437,"BSSID":"00:27:0d:2d:dd:c0","SSID":"aalto open"},"ap6":{"capabilities":"[WPA-PSK-TKIP+CCMP][WPA2-PSK-TKIP+CCMP][WPS][ESS]","level":-74,"frequency":2427,"BSSID":"10:6f:3f:f7:37:c8","SSID":"Ren_2.4"},"ap5":{"capabilities":"[WPA2-EAP-CCMP][ESS]","level":-74,"frequency":2462,"BSSID":"00:27:0d:2d:d0:71","SSID":"eduroam"},"ap4":{"capabilities":"[WPA2-PSK-CCMP-preauth][ESS]","level":-77,"frequency":2412,"BSSID":"00:1d:7e:fc:31:06","SSID":"NFC"},"ap3":{"capabilities":"[ESS]","level":-70,"frequency":2462,"BSSID":"00:27:0d:2d:d0:70","SSID":"aalto open"}},"measurement 14":{"ap14":{"capabilities":"[ESS]","level":-93,"frequency":2412,"BSSID":"00:27:0d:30:2a:60","SSID":"aalto open"},"ap15":{"capabilities":"[ESS]","level":-82,"frequency":2462,"BSSID":"08:1f:f3:b2:d4:b0","SSID":"aalto open"},"ap12":{"capabilities":"[WPA2-PSK-CCMP-preauth][ESS]","level":-83,"frequency":2412,"BSSID":"00:1d:7e:fc:31:06","SSID":"NFC"},"ap13":{"capabilities":"[ESS]","level":-77,"frequency":2437,"BSSID":"00:27:0d:2d:dd:c0","SSID":"aalto open"},"ap16":{"capabilities":"[ESS]","level":-82,"frequency":2462,"BSSID":"00:27:0d:2d:d0:70","SSID":"aalto open"},"ap17":{"capabilities":"[ESS]","level":-82,"frequency":2462,"BSSID":"a0:cf:5b:fa:34:e0","SSID":"aalto open"},"ap9":{"capabilities":"[ESS]","level":-79,"frequency":2412,"BSSID":"08:1f:f3:b2:d0:a0","SSID":"aalto open"},"ap8":{"capabilities":"[ESS]","level":-74,"frequency":2462,"BSSID":"00:27:0d:08:c2:10","SSID":"aalto open"},"ap7":{"capabilities":"[WPA2-PSK-CCMP][ESS]","level":-82,"frequency":2412,"BSSID":"00:24:36:a6:e0:13","SSID":"marjonverkko"},"ap11":{"capabilities":"[WPA2-EAP-CCMP][ESS]","level":-83,"frequency":2462,"BSSID":"00:27:0d:2d:d0:71","SSID":"eduroam"},"ap10":{"capabilities":"[WPA2-EAP-CCMP][ESS]","level":-79,"frequency":2462,"BSSID":"a0:cf:5b:fa:34:e1","SSID":"eduroam"},"ap2":{"capabilities":"[WPA2-EAP-CCMP][ESS]","level":-77,"frequency":2412,"BSSID":"08:1f:f3:b2:d0:a1","SSID":"eduroam"},"ap1":{"capabilities":"[WPA2-EAP-CCMP][ESS]","level":-82,"frequency":2437,"BSSID":"00:27:0d:2d:dd:c1","SSID":"eduroam"},"ap6":{"capabilities":"[WPA2-EAP-CCMP][ESS]","level":-75,"frequency":2462,"BSSID":"00:27:0d:08:c2:11","SSID":"eduroam"},"ap5":{"capabilities":"[ESS]","level":-75,"frequency":2412,"BSSID":"00:27:0d:2e:79:f0","SSID":"aalto open"},"ap4":{"capabilities":"[WPA-PSK-TKIP][WPS][ESS]","level":-72,"frequency":2427,"BSSID":"00:18:84:88:bf:88","SSID":"MyPlace"},"ap3":{"capabilities":"[WPA2-EAP-CCMP][ESS]","level":-77,"frequency":2412,"BSSID":"00:27:0d:2e:79:f1","SSID":"eduroam"}},"measurement 2":{"ap14":{"capabilities":"[ESS]","level":-89,"frequency":2437,"BSSID":"00:90:4c:91:00:03","SSID":"dd-wrt"},"ap15":{"capabilities":"[WPA2-EAP-CCMP][ESS]","level":-81,"frequency":2462,"BSSID":"00:27:0d:08:c2:11","SSID":"eduroam"},"ap12":{"capabilities":"[ESS]","level":-76,"frequency":2412,"BSSID":"00:22:55:df:65:10","SSID":"aalto open"},"ap13":{"capabilities":"[ESS]","level":-83,"frequency":2412,"BSSID":"00:27:0d:2e:79:f0","SSID":"aalto open"},"ap18":{"capabilities":"[ESS]","level":-81,"frequency":2412,"BSSID":"08:1f:f3:b2:d0:a0","SSID":"aalto open"},"ap16":{"capabilities":"[WPA2-PSK-CCMP][ESS]","level":-87,"frequency":2412,"BSSID":"00:24:36:a6:e0:13","SSID":"marjonverkko"},"ap17":{"capabilities":"[ESS]","level":-80,"frequency":2462,"BSSID":"00:27:0d:08:c2:10","SSID":"aalto open"},"ap9":{"capabilities":"[ESS]","level":-85,"frequency":2412,"BSSID":"00:27:0d:08:bf:10","SSID":"aalto open"},"ap8":{"capabilities":"[WPA2-EAP-CCMP][ESS]","level":-83,"frequency":2412,"BSSID":"00:27:0d:2e:79:f1","SSID":"eduroam"},"ap7":{"capabilities":"[WPA2-EAP-CCMP][ESS]","level":-80,"frequency":2412,"BSSID":"08:1f:f3:b2:d0:a1","SSID":"eduroam"},"ap11":{"capabilities":"[WPA2-EAP-CCMP][ESS]","level":-74,"frequency":2412,"BSSID":"00:22:55:df:65:11","SSID":"eduroam"},"ap10":{"capabilities":"[WPA-PSK-TKIP][WPS][ESS]","level":-79,"frequency":2427,"BSSID":"00:18:84:88:bf:88","SSID":"MyPlace"},"ap2":{"capabilities":"[WPA2-EAP-CCMP][ESS]","level":-64,"frequency":2437,"BSSID":"00:27:0d:2d:dd:c1","SSID":"eduroam"},"ap1":{"capabilities":"[ESS]","level":-64,"frequency":2437,"BSSID":"00:27:0d:2d:dd:c0","SSID":"aalto open"},"ap6":{"capabilities":"[ESS]","level":-81,"frequency":2437,"BSSID":"a0:cf:5b:ca:a9:00","SSID":"aalto open"},"ap5":{"capabilities":"[WPA2-EAP-CCMP][ESS]","level":-78,"frequency":2437,"BSSID":"a0:cf:5b:ca:a9:01","SSID":"eduroam"},"ap4":{"capabilities":"[WPA2-EAP-CCMP][ESS]","level":-74,"frequency":2462,"BSSID":"00:27:0d:2d:d0:71","SSID":"eduroam"},"ap3":{"capabilities":"[WPA2-PSK-CCMP-preauth][ESS]","level":-77,"frequency":2412,"BSSID":"00:1d:7e:fc:31:06","SSID":"NFC"}},"measurement 13":{"ap14":{"capabilities":"[ESS]","level":-83,"frequency":2462,"BSSID":"a4:56:30:e8:17:60","SSID":"aalto open"},"ap15":{"capabilities":"[ESS]","level":-93,"frequency":2412,"BSSID":"00:27:0d:30:2a:60","SSID":"aalto open"},"ap12":{"capabilities":"[WPA2-PSK-CCMP-preauth][ESS]","level":-83,"frequency":2412,"BSSID":"00:1d:7e:fc:31:06","SSID":"NFC"},"ap13":{"capabilities":"[ESS]","level":-86,"frequency":2437,"BSSID":"00:27:0d:2d:dd:c0","SSID":"aalto open"},"ap18":{"capabilities":"[ESS]","level":-82,"frequency":2462,"BSSID":"a0:cf:5b:fa:34:e0","SSID":"aalto open"},"ap16":{"capabilities":"[ESS]","level":-82,"frequency":2462,"BSSID":"08:1f:f3:b2:d4:b0","SSID":"aalto open"},"ap17":{"capabilities":"[ESS]","level":-79,"frequency":2462,"BSSID":"00:27:0d:2d:d0:70","SSID":"aalto open"},"ap9":{"capabilities":"[ESS]","level":-77,"frequency":2412,"BSSID":"08:1f:f3:b2:d0:a0","SSID":"aalto open"},"ap8":{"capabilities":"[ESS]","level":-80,"frequency":2462,"BSSID":"00:27:0d:08:c2:10","SSID":"aalto open"},"ap7":{"capabilities":"[WPA2-PSK-CCMP][ESS]","level":-82,"frequency":2412,"BSSID":"00:24:36:a6:e0:13","SSID":"marjonverkko"},"ap11":{"capabilities":"[WPA2-EAP-CCMP][ESS]","level":-78,"frequency":2462,"BSSID":"00:27:0d:2d:d0:71","SSID":"eduroam"},"ap10":{"capabilities":"[WPA2-EAP-CCMP][ESS]","level":-79,"frequency":2462,"BSSID":"a0:cf:5b:fa:34:e1","SSID":"eduroam"},"ap2":{"capabilities":"[WPA2-EAP-CCMP][ESS]","level":-81,"frequency":2412,"BSSID":"08:1f:f3:b2:d0:a1","SSID":"eduroam"},"ap1":{"capabilities":"[WPA2-EAP-CCMP][ESS]","level":-85,"frequency":2437,"BSSID":"00:27:0d:2d:dd:c1","SSID":"eduroam"},"ap6":{"capabilities":"[WPA2-EAP-CCMP][ESS]","level":-80,"frequency":2462,"BSSID":"00:27:0d:08:c2:11","SSID":"eduroam"},"ap5":{"capabilities":"[ESS]","level":-71,"frequency":2412,"BSSID":"00:27:0d:2e:79:f0","SSID":"aalto open"},"ap4":{"capabilities":"[WPA-PSK-TKIP][WPS][ESS]","level":-76,"frequency":2427,"BSSID":"00:18:84:88:bf:88","SSID":"MyPlace"},"ap3":{"capabilities":"[WPA2-EAP-CCMP][ESS]","level":-71,"frequency":2412,"BSSID":"00:27:0d:2e:79:f1","SSID":"eduroam"}},"measurement 3":{"ap9":{"capabilities":"[ESS]","level":-81,"frequency":2412,"BSSID":"08:1f:f3:b2:d0:a0","SSID":"aalto open"},"ap8":{"capabilities":"[ESS]","level":-85,"frequency":2462,"BSSID":"00:27:0d:08:c2:10","SSID":"aalto open"},"ap7":{"capabilities":"[WPA2-PSK-CCMP][ESS]","level":-82,"frequency":2412,"BSSID":"00:24:36:a6:e0:13","SSID":"marjonverkko"},"ap11":{"capabilities":"[ESS]","level":-81,"frequency":2462,"BSSID":"a0:cf:5b:fa:34:e0","SSID":"aalto open"},"ap10":{"capabilities":"[WPA2-EAP-CCMP][ESS]","level":-81,"frequency":2462,"BSSID":"a0:cf:5b:fa:34:e1","SSID":"eduroam"},"ap2":{"capabilities":"[WPA2-EAP-CCMP][ESS]","level":-79,"frequency":2412,"BSSID":"08:1f:f3:b2:d0:a1","SSID":"eduroam"},"ap1":{"capabilities":"[WPA2-EAP-CCMP][ESS]","level":-88,"frequency":2437,"BSSID":"00:27:0d:2d:dd:c1","SSID":"eduroam"},"ap12":{"capabilities":"[ESS]","level":-84,"frequency":2462,"BSSID":"08:1f:f3:b2:d4:b0","SSID":"aalto open"},"ap6":{"capabilities":"[WPA2-EAP-CCMP][ESS]","level":-83,"frequency":2462,"BSSID":"00:27:0d:08:c2:11","SSID":"eduroam"},"ap5":{"capabilities":"[ESS]","level":-76,"frequency":2412,"BSSID":"00:27:0d:2e:79:f0","SSID":"aalto open"},"ap4":{"capabilities":"[WPA-PSK-TKIP][WPS][ESS]","level":-83,"frequency":2427,"BSSID":"00:18:84:88:bf:88","SSID":"MyPlace"},"ap3":{"capabilities":"[WPA2-EAP-CCMP][ESS]","level":-79,"frequency":2412,"BSSID":"00:27:0d:2e:79:f1","SSID":"eduroam"}},"measurement 15":{"ap14":{"capabilities":"[ESS]","level":-82,"frequency":2462,"BSSID":"00:27:0d:2d:d0:70","SSID":"aalto open"},"ap15":{"capabilities":"[ESS]","level":-82,"frequency":2462,"BSSID":"a0:cf:5b:fa:34:e0","SSID":"aalto open"},"ap12":{"capabilities":"[ESS]","level":-83,"frequency":2437,"BSSID":"00:27:0d:2d:dd:c0","SSID":"aalto open"},"ap13":{"capabilities":"[ESS]","level":-82,"frequency":2462,"BSSID":"08:1f:f3:b2:d4:b0","SSID":"aalto open"},"ap16":{"capabilities":"[WPA2-EAP-CCMP][ESS]","level":-83,"frequency":2412,"BSSID":"00:27:0d:0b:d1:c1","SSID":"eduroam"},"ap9":{"capabilities":"[ESS]","level":-79,"frequency":2412,"BSSID":"08:1f:f3:b2:d0:a0","SSID":"aalto open"},"ap8":{"capabilities":"[ESS]","level":-81,"frequency":2462,"BSSID":"00:27:0d:08:c2:10","SSID":"aalto open"},"ap7":{"capabilities":"[WPA2-PSK-CCMP][ESS]","level":-83,"frequency":2412,"BSSID":"00:24:36:a6:e0:13","SSID":"marjonverkko"},"ap11":{"capabilities":"[WPA2-PSK-CCMP-preauth][ESS]","level":-83,"frequency":2412,"BSSID":"00:1d:7e:fc:31:06","SSID":"NFC"},"ap10":{"capabilities":"[WPA2-EAP-CCMP][ESS]","level":-82,"frequency":2462,"BSSID":"00:27:0d:2d:d0:71","SSID":"eduroam"},"ap2":{"capabilities":"[WPA2-EAP-CCMP][ESS]","level":-77,"frequency":2412,"BSSID":"08:1f:f3:b2:d0:a1","SSID":"eduroam"},"ap1":{"capabilities":"[WPA2-EAP-CCMP][ESS]","level":-80,"frequency":2437,"BSSID":"00:27:0d:2d:dd:c1","SSID":"eduroam"},"ap6":{"capabilities":"[WPA2-EAP-CCMP][ESS]","level":-75,"frequency":2462,"BSSID":"00:27:0d:08:c2:11","SSID":"eduroam"},"ap5":{"capabilities":"[ESS]","level":-71,"frequency":2412,"BSSID":"00:27:0d:2e:79:f0","SSID":"aalto open"},"ap4":{"capabilities":"[WPA-PSK-TKIP][WPS][ESS]","level":-74,"frequency":2427,"BSSID":"00:18:84:88:bf:88","SSID":"MyPlace"},"ap3":{"capabilities":"[WPA2-EAP-CCMP][ESS]","level":-74,"frequency":2412,"BSSID":"00:27:0d:2e:79:f1","SSID":"eduroam"}}}