{"measurement 5":{"ap23":{"capabilities":"[ESS]","level":-84,"frequency":2437,"BSSID":"00:90:4c:91:00:03","SSID":"dd-wrt"},"ap14":{"capabilities":"[WPA-PSK-TKIP+CCMP][WPA2-PSK-TKIP+CCMP][WPS][ESS]","level":-83,"frequency":2427,"BSSID":"10:6f:3f:f7:37:c8","SSID":"Ren_2.4"},"ap24":{"capabilities":"[WPA2-PSK-CCMP][ESS]","level":-87,"frequency":2427,"BSSID":"30:85:a9:6c:9b:e2","SSID":"Ren_2.4G"},"ap15":{"capabilities":"[WPA2-EAP-CCMP][ESS]","level":-83,"frequency":2437,"BSSID":"a0:cf:5b:ca:a9:01","SSID":"eduroam"},"ap25":{"capabilities":"[ESS]","level":-82,"frequency":2462,"BSSID":"00:22:55:df:64:d0","SSID":"aalto open"},"ap12":{"capabilities":"[WPA2-EAP-CCMP][ESS]","level":-80,"frequency":2412,"BSSID":"00:22:55:df:65:11","SSID":"eduroam"},"ap13":{"capabilities":"[ESS]","level":-78,"frequency":2412,"BSSID":"00:22:55:df:65:10","SSID":"aalto open"},"ap18":{"capabilities":"[WPA2-PSK-CCMP][WPS][ESS]","level":-78,"frequency":2462,"BSSID":"22:2f:6b:6a:86:50","SSID":"cellulaire gsm olivier"},"ap19":{"capabilities":"[WPA2-EAP-CCMP][ESS]","level":-84,"frequency":2412,"BSSID":"00:27:0d:08:be:81","SSID":"eduroam"},"ap16":{"capabilities":"[ESS]","level":-84,"frequency":2412,"BSSID":"00:27:0d:08:be:80","SSID":"aalto open"},"ap17":{"capabilities":"[ESS]","level":-87,"frequency":2437,"BSSID":"a0:cf:5b:ca:a9:00","SSID":"aalto open"},"ap9":{"capabilities":"[WPA2-PSK-CCMP-preauth][ESS]","level":-72,"frequency":2412,"BSSID":"00:1d:7e:fc:31:06","SSID":"NFC"},"ap8":{"capabilities":"[ESS]","level":-82,"frequency":2462,"BSSID":"a4:56:30:e8:17:60","SSID":"aalto open"},"ap7":{"capabilities":"[WPA2-EAP-CCMP][ESS]","level":-69,"frequency":2462,"BSSID":"00:27:0d:2d:d0:71","SSID":"eduroam"},"ap20":{"capabilities":"[ESS]","level":-86,"frequency":2462,"BSSID":"00:22:55:75:48:a0","SSID":"aalto open"},"ap11":{"capabilities":"[IBSS]","level":-84,"frequency":2457,"BSSID":"0e:b6:24:9f:49:f2","SSID":"Portthru"},"ap10":{"capabilities":"[ESS]","level":-66,"frequency":2462,"BSSID":"00:27:0d:2d:d0:70","SSID":"aalto open"},"ap22":{"capabilities":"[WPA2-EAP-CCMP][ESS]","level":-95,"frequency":2412,"BSSID":"00:22:55:75:44:91","SSID":"eduroam"},"ap21":{"capabilities":"[WPA2-EAP-CCMP][ESS]","level":-83,"frequency":2462,"BSSID":"00:22:55:df:64:d1","SSID":"eduroam"},"ap2":{"capabilities":"[WPA2-PSK-CCMP][ESS]","level":-84,"frequency":2462,"BSSID":"f8:5f:2a:5f:5c:a8","SSID":"NOKIA Lumia 900_5438"},"ap1":{"capabilities":"[WPA2-EAP-CCMP][ESS]","level":-80,"frequency":2412,"BSSID":"08:1f:f3:b2:d0:a1","SSID":"eduroam"},"ap6":{"capabilities":"[ESS]","level":-79,"frequency":2412,"BSSID":"08:1f:f3:b2:d0:a0","SSID":"aalto open"},"ap5":{"capabilities":"[WPA2-EAP-CCMP][ESS]","level":-64,"frequency":2437,"BSSID":"00:27:0d:2d:dd:c1","SSID":"eduroam"},"ap4":{"capabilities":"[ESS]","level":-63,"frequency":2437,"BSSID":"00:27:0d:2d:dd:c0","SSID":"aalto open"},"ap3":{"capabilities":"[WPA-PSK-TKIP][WPS][ESS]","level":-91,"frequency":2427,"BSSID":"00:18:84:88:bf:88","SSID":"MyPlace"}},"measurement 4":{"ap23":{"capabilities":"[ESS]","level":-87,"frequency":2437,"BSSID":"00:90:4c:91:00:03","SSID":"dd-wrt"},"ap14":{"capabilities":"[WPA-PSK-TKIP+CCMP][WPA2-PSK-TKIP+CCMP][WPS][ESS]","level":-88,"frequency":2427,"BSSID":"10:6f:3f:f7:37:c8","SSID":"Ren_2.4"},"ap24":{"capabilities":"[WPA2-PSK-CCMP][ESS]","level":-87,"frequency":2427,"BSSID":"30:85:a9:6c:9b:e2","SSID":"Ren_2.4G"},"ap15":{"capabilities":"[WPA2-EAP-CCMP][ESS]","level":-87,"frequency":2437,"BSSID":"a0:cf:5b:ca:a9:01","SSID":"eduroam"},"ap25":{"capabilities":"[ESS]","level":-82,"frequency":2462,"BSSID":"00:22:55:df:64:d0","SSID":"aalto open"},"ap12":{"capabilities":"[WPA2-EAP-CCMP][ESS]","level":-77,"frequency":2412,"BSSID":"00:22:55:df:65:11","SSID":"eduroam"},"ap13":{"capabilities":"[ESS]","level":-77,"frequency":2412,"BSSID":"00:22:55:df:65:10","SSID":"aalto open"},"ap18":{"capabilities":"[WPA2-PSK-CCMP][WPS][ESS]","level":-78,"frequency":2462,"BSSID":"22:2f:6b:6a:86:50","SSID":"cellulaire gsm olivier"},"ap19":{"capabilities":"[WPA2-EAP-CCMP][ESS]","level":-83,"frequency":2412,"BSSID":"00:27:0d:08:be:81","SSID":"eduroam"},"ap16":{"capabilities":"[ESS]","level":-84,"frequency":2412,"BSSID":"00:27:0d:08:be:80","SSID":"aalto open"},"ap17":{"capabilities":"[ESS]","level":-84,"frequency":2437,"BSSID":"a0:cf:5b:ca:a9:00","SSID":"aalto open"},"ap9":{"capabilities":"[WPA2-PSK-CCMP-preauth][ESS]","level":-73,"frequency":2412,"BSSID":"00:1d:7e:fc:31:06","SSID":"NFC"},"ap8":{"capabilities":"[ESS]","level":-82,"frequency":2462,"BSSID":"a4:56:30:e8:17:60","SSID":"aalto open"},"ap7":{"capabilities":"[WPA2-EAP-CCMP][ESS]","level":-73,"frequency":2462,"BSSID":"00:27:0d:2d:d0:71","SSID":"eduroam"},"ap20":{"capabilities":"[ESS]","level":-86,"frequency":2462,"BSSID":"00:22:55:75:48:a0","SSID":"aalto open"},"ap11":{"capabilities":"[IBSS]","level":-80,"frequency":2457,"BSSID":"0e:b6:24:9f:49:f2","SSID":"Portthru"},"ap10":{"capabilities":"[ESS]","level":-71,"frequency":2462,"BSSID":"00:27:0d:2d:d0:70","SSID":"aalto open"},"ap22":{"capabilities":"[WPA2-EAP-CCMP][ESS]","level":-95,"frequency":2412,"BSSID":"00:22:55:75:44:91","SSID":"eduroam"},"ap21":{"capabilities":"[WPA2-EAP-CCMP][ESS]","level":-83,"frequency":2462,"BSSID":"00:22:55:df:64:d1","SSID":"eduroam"},"ap2":{"capabilities":"[WPA2-PSK-CCMP][ESS]","level":-84,"frequency":2462,"BSSID":"f8:5f:2a:5f:5c:a8","SSID":"NOKIA Lumia 900_5438"},"ap1":{"capabilities":"[WPA2-EAP-CCMP][ESS]","level":-87,"frequency":2412,"BSSID":"08:1f:f3:b2:d0:a1","SSID":"eduroam"},"ap6":{"capabilities":"[ESS]","level":-79,"frequency":2412,"BSSID":"08:1f:f3:b2:d0:a0","SSID":"aalto open"},"ap5":{"capabilities":"[WPA2-EAP-CCMP][ESS]","level":-71,"frequency":2437,"BSSID":"00:27:0d:2d:dd:c1","SSID":"eduroam"},"ap4":{"capabilities":"[ESS]","level":-68,"frequency":2437,"BSSID":"00:27:0d:2d:dd:c0","SSID":"aalto open"},"ap3":{"capabilities":"[WPA-PSK-TKIP][WPS][ESS]","level":-91,"frequency":2427,"BSSID":"00:18:84:88:bf:88","SSID":"MyPlace"}},"measurement 7":{"ap23":{"capabilities":"[ESS]","level":-81,"frequency":2412,"BSSID":"00:27:0d:08:be:80","SSID":"aalto open"},"ap14":{"capabilities":"[WPA2-EAP-CCMP][ESS]","level":-84,"frequency":2437,"BSSID":"a0:cf:5b:ca:a9:01","SSID":"eduroam"},"ap24":{"capabilities":"[ESS]","level":-93,"frequency":2412,"BSSID":"00:27:0d:2e:79:f0","SSID":"aalto open"},"ap15":{"capabilities":"[ESS]","level":-87,"frequency":2437,"BSSID":"a0:cf:5b:ca:a9:00","SSID":"aalto open"},"ap12":{"capabilities":"[ESS]","level":-78,"frequency":2412,"BSSID":"00:22:55:df:65:10","SSID":"aalto open"},"ap13":{"capabilities":"[WPA-PSK-TKIP+CCMP][WPA2-PSK-TKIP+CCMP][WPS][ESS]","level":-85,"frequency":2427,"BSSID":"10:6f:3f:f7:37:c8","SSID":"Ren_2.4"},"ap18":{"capabilities":"[WPA2-EAP-CCMP][ESS]","level":-96,"frequency":2412,"BSSID":"00:22:55:75:44:91","SSID":"eduroam"},"ap19":{"capabilities":"[ESS]","level":-84,"frequency":2437,"BSSID":"00:90:4c:91:00:03","SSID":"dd-wrt"},"ap16":{"capabilities":"[WPA2-PSK-CCMP][WPS][ESS]","level":-81,"frequency":2462,"BSSID":"22:2f:6b:6a:86:50","SSID":"cellulaire gsm olivier"},"ap17":{"capabilities":"[WPA2-EAP-CCMP][ESS]","level":-82,"frequency":2412,"BSSID":"00:27:0d:08:be:81","SSID":"eduroam"},"ap9":{"capabilities":"[ESS]","level":-74,"frequency":2462,"BSSID":"00:27:0d:2d:d0:70","SSID":"aalto open"},"ap8":{"capabilities":"[WPA2-PSK-CCMP-preauth][ESS]","level":-72,"frequency":2412,"BSSID":"00:1d:7e:fc:31:06","SSID":"NFC"},"ap7":{"capabilities":"[WPA2-EAP-CCMP][ESS]","level":-72,"frequency":2462,"BSSID":"00:27:0d:2d:d0:71","SSID":"eduroam"},"ap20":{"capabilities":"[WPA2-PSK-CCMP][ESS]","level":-87,"frequency":2427,"BSSID":"30:85:a9:6c:9b:e2","SSID":"Ren_2.4G"},"ap11":{"capabilities":"[WPA2-EAP-CCMP][ESS]","level":-83,"frequency":2412,"BSSID":"00:22:55:df:65:11","SSID":"eduroam"},"ap10":{"capabilities":"[IBSS]","level":-81,"frequency":2457,"BSSID":"0e:b6:24:9f:49:f2","SSID":"Portthru"},"ap22":{"capabilities":"[WPA2-EAP-CCMP][ESS]","level":-89,"frequency":2412,"BSSID":"00:27:0d:2e:79:f1","SSID":"eduroam"},"ap21":{"capabilities":"[ESS]","level":-82,"frequency":2462,"BSSID":"00:22:55:df:64:d0","SSID":"aalto open"},"ap2":{"capabilities":"[WPA2-PSK-CCMP][ESS]","level":-79,"frequency":2462,"BSSID":"f8:5f:2a:5f:5c:a8","SSID":"NOKIA Lumia 900_5438"},"ap1":{"capabilities":"[WPA2-EAP-CCMP][ESS]","level":-79,"frequency":2412,"BSSID":"08:1f:f3:b2:d0:a1","SSID":"eduroam"},"ap6":{"capabilities":"[ESS]","level":-80,"frequency":2412,"BSSID":"08:1f:f3:b2:d0:a0","SSID":"aalto open"},"ap5":{"capabilities":"[WPA2-EAP-CCMP][ESS]","level":-61,"frequency":2437,"BSSID":"00:27:0d:2d:dd:c1","SSID":"eduroam"},"ap4":{"capabilities":"[ESS]","level":-59,"frequency":2437,"BSSID":"00:27:0d:2d:dd:c0","SSID":"aalto open"},"ap3":{"capabilities":"[WPA-PSK-TKIP][WPS][ESS]","level":-91,"frequency":2427,"BSSID":"00:18:84:88:bf:88","SSID":"MyPlace"}},"measurement 6":{"ap23":{"capabilities":"[WPA2-EAP-CCMP][ESS]","level":-89,"frequency":2412,"BSSID":"00:27:0d:2e:79:f1","SSID":"eduroam"},"ap14":{"capabilities":"[WPA2-EAP-CCMP][ESS]","level":-83,"frequency":2437,"BSSID":"a0:cf:5b:ca:a9:01","SSID":"eduroam"},"ap15":{"capabilities":"[ESS]","level":-87,"frequency":2437,"BSSID":"a0:cf:5b:ca:a9:00","SSID":"aalto open"},"ap12":{"capabilities":"[ESS]","level":-78,"frequency":2412,"BSSID":"00:22:55:df:65:10","SSID":"aalto open"},"ap13":{"capabilities":"[WPA-PSK-TKIP+CCMP][WPA2-PSK-TKIP+CCMP][WPS][ESS]","level":-85,"frequency":2427,"BSSID":"10:6f:3f:f7:37:c8","SSID":"Ren_2.4"},"ap18":{"capabilities":"[WPA2-EAP-CCMP][ESS]","level":-83,"frequency":2462,"BSSID":"00:22:55:df:64:d1","SSID":"eduroam"},"ap19":{"capabilities":"[WPA2-EAP-CCMP][ESS]","level":-95,"frequency":2412,"BSSID":"00:22:55:75:44:91","SSID":"eduroam"},"ap16":{"capabilities":"[WPA2-PSK-CCMP][WPS][ESS]","level":-82,"frequency":2462,"BSSID":"22:2f:6b:6a:86:50","SSID":"cellulaire gsm olivier"},"ap17":{"capabilities":"[WPA2-EAP-CCMP][ESS]","level":-82,"frequency":2412,"BSSID":"00:27:0d:08:be:81","SSID":"eduroam"},"ap9":{"capabilities":"[ESS]","level":-70,"frequency":2462,"BSSID":"00:27:0d:2d:d0:70","SSID":"aalto open"},"ap8":{"capabilities":"[WPA2-PSK-CCMP-preauth][ESS]","level":-76,"frequency":2412,"BSSID":"00:1d:7e:fc:31:06","SSID":"NFC"},"ap7":{"capabilities":"[WPA2-EAP-CCMP][ESS]","level":-81,"frequency":2462,"BSSID":"00:27:0d:2d:d0:71","SSID":"eduroam"},"ap20":{"capabilities":"[ESS]","level":-84,"frequency":2437,"BSSID":"00:90:4c:91:00:03","SSID":"dd-wrt"},"ap11":{"capabilities":"[WPA2-EAP-CCMP][ESS]","level":-80,"frequency":2412,"BSSID":"00:22:55:df:65:11","SSID":"eduroam"},"ap10":{"capabilities":"[IBSS]","level":-78,"frequency":2457,"BSSID":"0e:b6:24:9f:49:f2","SSID":"Portthru"},"ap22":{"capabilities":"[ESS]","level":-82,"frequency":2462,"BSSID":"00:22:55:df:64:d0","SSID":"aalto open"},"ap21":{"capabilities":"[WPA2-PSK-CCMP][ESS]","level":-87,"frequency":2427,"BSSID":"30:85:a9:6c:9b:e2","SSID":"Ren_2.4G"},"ap2":{"capabilities":"[WPA2-PSK-CCMP][ESS]","level":-81,"frequency":2462,"BSSID":"f8:5f:2a:5f:5c:a8","SSID":"NOKIA Lumia 900_5438"},"ap1":{"capabilities":"[WPA2-EAP-CCMP][ESS]","level":-84,"frequency":2412,"BSSID":"08:1f:f3:b2:d0:a1","SSID":"eduroam"},"ap6":{"capabilities":"[ESS]","level":-79,"frequency":2412,"BSSID":"08:1f:f3:b2:d0:a0","SSID":"aalto open"},"ap5":{"capabilities":"[WPA2-EAP-CCMP][ESS]","level":-61,"frequency":2437,"BSSID":"00:27:0d:2d:dd:c1","SSID":"eduroam"},"ap4":{"capabilities":"[ESS]","level":-60,"frequency":2437,"BSSID":"00:27:0d:2d:dd:c0","SSID":"aalto open"},"ap3":{"capabilities":"[WPA-PSK-TKIP][WPS][ESS]","level":-91,"frequency":2427,"BSSID":"00:18:84:88:bf:88","SSID":"MyPlace"}},"measurement 9":{"ap23":{"capabilities":"[WPA2-EAP-CCMP][ESS]","level":-87,"frequency":2412,"BSSID":"00:27:0d:08:bf:11","SSID":"eduroam"},"ap14":{"capabilities":"[WPA2-EAP-CCMP][ESS]","level":-84,"frequency":2437,"BSSID":"a0:cf:5b:ca:a9:01","SSID":"eduroam"},"ap24":{"capabilities":"[ESS]","level":-92,"frequency":2412,"BSSID":"00:27:0d:08:bf:10","SSID":"aalto open"},"ap15":{"capabilities":"[ESS]","level":-89,"frequency":2437,"BSSID":"a0:cf:5b:ca:a9:00","SSID":"aalto open"},"ap25":{"capabilities":"[ESS]","level":-91,"frequency":2412,"BSSID":"00:22:55:75:44:90","SSID":"aalto open"},"ap12":{"capabilities":"[ESS]","level":-85,"frequency":2412,"BSSID":"00:22:55:df:65:10","SSID":"aalto open"},"ap13":{"capabilities":"[WPA-PSK-TKIP+CCMP][WPA2-PSK-TKIP+CCMP][WPS][ESS]","level":-82,"frequency":2427,"BSSID":"10:6f:3f:f7:37:c8","SSID":"Ren_2.4"},"ap18":{"capabilities":"[WPA2-EAP-CCMP][ESS]","level":-96,"frequency":2412,"BSSID":"00:22:55:75:44:91","SSID":"eduroam"},"ap19":{"capabilities":"[ESS]","level":-86,"frequency":2437,"BSSID":"00:90:4c:91:00:03","SSID":"dd-wrt"},"ap16":{"capabilities":"[WPA2-PSK-CCMP][WPS][ESS]","level":-79,"frequency":2462,"BSSID":"22:2f:6b:6a:86:50","SSID":"cellulaire gsm olivier"},"ap17":{"capabilities":"[WPA2-EAP-CCMP][ESS]","level":-87,"frequency":2412,"BSSID":"00:27:0d:08:be:81","SSID":"eduroam"},"ap9":{"capabilities":"[ESS]","level":-79,"frequency":2462,"BSSID":"00:27:0d:2d:d0:70","SSID":"aalto open"},"ap8":{"capabilities":"[WPA2-PSK-CCMP-preauth][ESS]","level":-77,"frequency":2412,"BSSID":"00:1d:7e:fc:31:06","SSID":"NFC"},"ap7":{"capabilities":"[WPA2-EAP-CCMP][ESS]","level":-78,"frequency":2462,"BSSID":"00:27:0d:2d:d0:71","SSID":"eduroam"},"ap20":{"capabilities":"[WPA2-EAP-CCMP][ESS]","level":-94,"frequency":2412,"BSSID":"00:27:0d:2e:79:f1","SSID":"eduroam"},"ap11":{"capabilities":"[WPA2-EAP-CCMP][ESS]","level":-83,"frequency":2412,"BSSID":"00:22:55:df:65:11","SSID":"eduroam"},"ap10":{"capabilities":"[IBSS]","level":-85,"frequency":2457,"BSSID":"0e:b6:24:9f:49:f2","SSID":"Portthru"},"ap22":{"capabilities":"[ESS]","level":-93,"frequency":2412,"BSSID":"00:27:0d:2e:79:f0","SSID":"aalto open"},"ap21":{"capabilities":"[ESS]","level":-78,"frequency":2412,"BSSID":"00:27:0d:08:be:80","SSID":"aalto open"},"ap2":{"capabilities":"[WPA2-PSK-CCMP][ESS]","level":-80,"frequency":2462,"BSSID":"f8:5f:2a:5f:5c:a8","SSID":"NOKIA Lumia 900_5438"},"ap1":{"capabilities":"[WPA2-EAP-CCMP][ESS]","level":-82,"frequency":2412,"BSSID":"08:1f:f3:b2:d0:a1","SSID":"eduroam"},"ap6":{"capabilities":"[ESS]","level":-80,"frequency":2412,"BSSID":"08:1f:f3:b2:d0:a0","SSID":"aalto open"},"ap5":{"capabilities":"[WPA2-EAP-CCMP][ESS]","level":-69,"frequency":2437,"BSSID":"00:27:0d:2d:dd:c1","SSID":"eduroam"},"ap4":{"capabilities":"[ESS]","level":-69,"frequency":2437,"BSSID":"00:27:0d:2d:dd:c0","SSID":"aalto open"},"ap3":{"capabilities":"[WPA-PSK-TKIP][WPS][ESS]","level":-91,"frequency":2427,"BSSID":"00:18:84:88:bf:88","SSID":"MyPlace"}},"measurement 8":{"ap23":{"capabilities":"[WPA2-EAP-CCMP][ESS]","level":-87,"frequency":2412,"BSSID":"00:27:0d:08:bf:11","SSID":"eduroam"},"ap14":{"capabilities":"[WPA2-EAP-CCMP][ESS]","level":-84,"frequency":2437,"BSSID":"a0:cf:5b:ca:a9:01","SSID":"eduroam"},"ap24":{"capabilities":"[ESS]","level":-85,"frequency":2412,"BSSID":"00:27:0d:08:bf:10","SSID":"aalto open"},"ap15":{"capabilities":"[ESS]","level":-84,"frequency":2437,"BSSID":"a0:cf:5b:ca:a9:00","SSID":"aalto open"},"ap25":{"capabilities":"[ESS]","level":-90,"frequency":2412,"BSSID":"00:22:55:75:44:90","SSID":"aalto open"},"ap12":{"capabilities":"[ESS]","level":-84,"frequency":2412,"BSSID":"00:22:55:df:65:10","SSID":"aalto open"},"ap13":{"capabilities":"[WPA-PSK-TKIP+CCMP][WPA2-PSK-TKIP+CCMP][WPS][ESS]","level":-85,"frequency":2427,"BSSID":"10:6f:3f:f7:37:c8","SSID":"Ren_2.4"},"ap18":{"capabilities":"[WPA2-EAP-CCMP][ESS]","level":-96,"frequency":2412,"BSSID":"00:22:55:75:44:91","SSID":"eduroam"},"ap19":{"capabilities":"[ESS]","level":-86,"frequency":2437,"BSSID":"00:90:4c:91:00:03","SSID":"dd-wrt"},"ap16":{"capabilities":"[WPA2-PSK-CCMP][WPS][ESS]","level":-77,"frequency":2462,"BSSID":"22:2f:6b:6a:86:50","SSID":"cellulaire gsm olivier"},"ap17":{"capabilities":"[WPA2-EAP-CCMP][ESS]","level":-82,"frequency":2412,"BSSID":"00:27:0d:08:be:81","SSID":"eduroam"},"ap9":{"capabilities":"[ESS]","level":-66,"frequency":2462,"BSSID":"00:27:0d:2d:d0:70","SSID":"aalto open"},"ap8":{"capabilities":"[WPA2-PSK-CCMP-preauth][ESS]","level":-75,"frequency":2412,"BSSID":"00:1d:7e:fc:31:06","SSID":"NFC"},"ap7":{"capabilities":"[WPA2-EAP-CCMP][ESS]","level":-70,"frequency":2462,"BSSID":"00:27:0d:2d:d0:71","SSID":"eduroam"},"ap20":{"capabilities":"[WPA2-EAP-CCMP][ESS]","level":-94,"frequency":2412,"BSSID":"00:27:0d:2e:79:f1","SSID":"eduroam"},"ap11":{"capabilities":"[WPA2-EAP-CCMP][ESS]","level":-83,"frequency":2412,"BSSID":"00:22:55:df:65:11","SSID":"eduroam"},"ap10":{"capabilities":"[IBSS]","level":-82,"frequency":2457,"BSSID":"0e:b6:24:9f:49:f2","SSID":"Portthru"},"ap22":{"capabilities":"[ESS]","level":-93,"frequency":2412,"BSSID":"00:27:0d:2e:79:f0","SSID":"aalto open"},"ap21":{"capabilities":"[ESS]","level":-78,"frequency":2412,"BSSID":"00:27:0d:08:be:80","SSID":"aalto open"},"ap2":{"capabilities":"[WPA2-PSK-CCMP][ESS]","level":-86,"frequency":2462,"BSSID":"f8:5f:2a:5f:5c:a8","SSID":"NOKIA Lumia 900_5438"},"ap1":{"capabilities":"[WPA2-EAP-CCMP][ESS]","level":-79,"frequency":2412,"BSSID":"08:1f:f3:b2:d0:a1","SSID":"eduroam"},"ap6":{"capabilities":"[ESS]","level":-80,"frequency":2412,"BSSID":"08:1f:f3:b2:d0:a0","SSID":"aalto open"},"ap5":{"capabilities":"[WPA2-EAP-CCMP][ESS]","level":-58,"frequency":2437,"BSSID":"00:27:0d:2d:dd:c1","SSID":"eduroam"},"ap4":{"capabilities":"[ESS]","level":-55,"frequency":2437,"BSSID":"00:27:0d:2d:dd:c0","SSID":"aalto open"},"ap3":{"capabilities":"[WPA-PSK-TKIP][WPS][ESS]","level":-91,"frequency":2427,"BSSID":"00:18:84:88:bf:88","SSID":"MyPlace"}},"measurement 10":{"ap23":{"capabilities":"[ESS]","level":-84,"frequency":2462,"BSSID":"00:22:55:df:64:d0","SSID":"aalto open"},"ap14":{"capabilities":"[ESS]","level":-84,"frequency":2437,"BSSID":"a0:cf:5b:ca:a9:00","SSID":"aalto open"},"ap15":{"capabilities":"[WPA2-PSK-CCMP][WPS][ESS]","level":-77,"frequency":2462,"BSSID":"22:2f:6b:6a:86:50","SSID":"cellulaire gsm olivier"},"ap12":{"capabilities":"[WPA-PSK-TKIP+CCMP][WPA2-PSK-TKIP+CCMP][WPS][ESS]","level":-85,"frequency":2427,"BSSID":"10:6f:3f:f7:37:c8","SSID":"Ren_2.4"},"ap13":{"capabilities":"[WPA2-EAP-CCMP][ESS]","level":-83,"frequency":2437,"BSSID":"a0:cf:5b:ca:a9:01","SSID":"eduroam"},"ap18":{"capabilities":"[WPA2-EAP-CCMP][ESS]","level":-94,"frequency":2412,"BSSID":"00:27:0d:2e:79:f1","SSID":"eduroam"},"ap19":{"capabilities":"[ESS]","level":-78,"frequency":2412,"BSSID":"00:27:0d:08:be:80","SSID":"aalto open"},"ap16":{"capabilities":"[WPA2-EAP-CCMP][ESS]","level":-85,"frequency":2412,"BSSID":"00:27:0d:08:be:81","SSID":"eduroam"},"ap17":{"capabilities":"[ESS]","level":-86,"frequency":2437,"BSSID":"00:90:4c:91:00:03","SSID":"dd-wrt"},"ap9":{"capabilities":"[IBSS]","level":-79,"frequency":2457,"BSSID":"0e:b6:24:9f:49:f2","SSID":"Portthru"},"ap8":{"capabilities":"[ESS]","level":-76,"frequency":2462,"BSSID":"00:27:0d:2d:d0:70","SSID":"aalto open"},"ap7":{"capabilities":"[WPA2-PSK-CCMP-preauth][ESS]","level":-79,"frequency":2412,"BSSID":"00:1d:7e:fc:31:06","SSID":"NFC"},"ap20":{"capabilities":"[WPA2-EAP-CCMP][ESS]","level":-92,"frequency":2412,"BSSID":"00:27:0d:08:bf:11","SSID":"eduroam"},"ap11":{"capabilities":"[ESS]","level":-80,"frequency":2412,"BSSID":"00:22:55:df:65:10","SSID":"aalto open"},"ap10":{"capabilities":"[WPA2-EAP-CCMP][ESS]","level":-80,"frequency":2412,"BSSID":"00:22:55:df:65:11","SSID":"eduroam"},"ap22":{"capabilities":"[ESS]","level":-91,"frequency":2412,"BSSID":"00:22:55:75:44:90","SSID":"aalto open"},"ap21":{"capabilities":"[ESS]","level":-92,"frequency":2412,"BSSID":"00:27:0d:08:bf:10","SSID":"aalto open"},"ap2":{"capabilities":"[WPA2-PSK-CCMP][ESS]","level":-86,"frequency":2462,"BSSID":"f8:5f:2a:5f:5c:a8","SSID":"NOKIA Lumia 900_5438"},"ap1":{"capabilities":"[WPA2-EAP-CCMP][ESS]","level":-81,"frequency":2412,"BSSID":"08:1f:f3:b2:d0:a1","SSID":"eduroam"},"ap6":{"capabilities":"[WPA2-EAP-CCMP][ESS]","level":-81,"frequency":2462,"BSSID":"00:27:0d:2d:d0:71","SSID":"eduroam"},"ap5":{"capabilities":"[WPA2-EAP-CCMP][ESS]","level":-72,"frequency":2437,"BSSID":"00:27:0d:2d:dd:c1","SSID":"eduroam"},"ap4":{"capabilities":"[ESS]","level":-71,"frequency":2437,"BSSID":"00:27:0d:2d:dd:c0","SSID":"aalto open"},"ap3":{"capabilities":"[WPA-PSK-TKIP][WPS][ESS]","level":-92,"frequency":2427,"BSSID":"00:18:84:88:bf:88","SSID":"MyPlace"}},"measurement 12":{"ap14":{"capabilities":"[ESS]","level":-80,"frequency":2437,"BSSID":"a0:cf:5b:ca:a9:00","SSID":"aalto open"},"ap15":{"capabilities":"[WPA2-PSK-CCMP][WPS][ESS]","level":-77,"frequency":2462,"BSSID":"22:2f:6b:6a:86:50","SSID":"cellulaire gsm olivier"},"ap12":{"capabilities":"[WPA-PSK-TKIP+CCMP][WPA2-PSK-TKIP+CCMP][WPS][ESS]","level":-86,"frequency":2427,"BSSID":"10:6f:3f:f7:37:c8","SSID":"Ren_2.4"},"ap13":{"capabilities":"[WPA2-EAP-CCMP][ESS]","level":-84,"frequency":2437,"BSSID":"a0:cf:5b:ca:a9:01","SSID":"eduroam"},"ap18":{"capabilities":"[ESS]","level":-92,"frequency":2412,"BSSID":"00:27:0d:08:bf:10","SSID":"aalto open"},"ap19":{"capabilities":"[ESS]","level":-91,"frequency":2412,"BSSID":"00:22:55:75:44:90","SSID":"aalto open"},"ap16":{"capabilities":"[WPA2-EAP-CCMP][ESS]","level":-85,"frequency":2412,"BSSID":"00:27:0d:08:be:81","SSID":"eduroam"},"ap17":{"capabilities":"[WPA2-EAP-CCMP][ESS]","level":-92,"frequency":2412,"BSSID":"00:27:0d:08:bf:11","SSID":"eduroam"},"ap9":{"capabilities":"[IBSS]","level":-77,"frequency":2457,"BSSID":"0e:b6:24:9f:49:f2","SSID":"Portthru"},"ap8":{"capabilities":"[ESS]","level":-78,"frequency":2462,"BSSID":"00:27:0d:2d:d0:70","SSID":"aalto open"},"ap7":{"capabilities":"[WPA2-PSK-CCMP-preauth][ESS]","level":-78,"frequency":2412,"BSSID":"00:1d:7e:fc:31:06","SSID":"NFC"},"ap20":{"capabilities":"[ESS]","level":-84,"frequency":2462,"BSSID":"00:22:55:df:64:d0","SSID":"aalto open"},"ap11":{"capabilities":"[ESS]","level":-80,"frequency":2412,"BSSID":"00:22:55:df:65:10","SSID":"aalto open"},"ap10":{"capabilities":"[WPA2-EAP-CCMP][ESS]","level":-80,"frequency":2412,"BSSID":"00:22:55:df:65:11","SSID":"eduroam"},"ap22":{"capabilities":"[WPA2-PSK-CCMP][ESS]","level":-90,"frequency":2427,"BSSID":"30:85:a9:6c:9b:e2","SSID":"Ren_2.4G"},"ap21":{"capabilities":"[WPA2-EAP-CCMP][ESS]","level":-86,"frequency":2412,"BSSID":"00:22:55:75:44:91","SSID":"eduroam"},"ap2":{"capabilities":"[WPA2-PSK-CCMP][ESS]","level":-81,"frequency":2462,"BSSID":"f8:5f:2a:5f:5c:a8","SSID":"NOKIA Lumia 900_5438"},"ap1":{"capabilities":"[WPA2-EAP-CCMP][ESS]","level":-79,"frequency":2412,"BSSID":"08:1f:f3:b2:d0:a1","SSID":"eduroam"},"ap6":{"capabilities":"[WPA2-EAP-CCMP][ESS]","level":-80,"frequency":2462,"BSSID":"00:27:0d:2d:d0:71","SSID":"eduroam"},"ap5":{"capabilities":"[WPA2-EAP-CCMP][ESS]","level":-77,"frequency":2437,"BSSID":"00:27:0d:2d:dd:c1","SSID":"eduroam"},"ap4":{"capabilities":"[ESS]","level":-79,"frequency":2437,"BSSID":"00:27:0d:2d:dd:c0","SSID":"aalto open"},"ap3":{"capabilities":"[WPA-PSK-TKIP][WPS][ESS]","level":-92,"frequency":2427,"BSSID":"00:18:84:88:bf:88","SSID":"MyPlace"}},"measurement 11":{"ap23":{"capabilities":"[ESS]","level":-84,"frequency":2462,"BSSID":"00:22:55:df:64:d0","SSID":"aalto open"},"ap14":{"capabilities":"[ESS]","level":-80,"frequency":2437,"BSSID":"a0:cf:5b:ca:a9:00","SSID":"aalto open"},"ap24":{"capabilities":"[WPA2-EAP-CCMP][ESS]","level":-87,"frequency":2412,"BSSID":"00:22:55:75:44:91","SSID":"eduroam"},"ap15":{"capabilities":"[WPA2-PSK-CCMP][WPS][ESS]","level":-77,"frequency":2462,"BSSID":"22:2f:6b:6a:86:50","SSID":"cellulaire gsm olivier"},"ap25":{"capabilities":"[WPA2-PSK-CCMP][ESS]","level":-90,"frequency":2427,"BSSID":"30:85:a9:6c:9b:e2","SSID":"Ren_2.4G"},"ap12":{"capabilities":"[WPA-PSK-TKIP+CCMP][WPA2-PSK-TKIP+CCMP][WPS][ESS]","level":-85,"frequency":2427,"BSSID":"10:6f:3f:f7:37:c8","SSID":"Ren_2.4"},"ap13":{"capabilities":"[WPA2-EAP-CCMP][ESS]","level":-83,"frequency":2437,"BSSID":"a0:cf:5b:ca:a9:01","SSID":"eduroam"},"ap18":{"capabilities":"[WPA2-EAP-CCMP][ESS]","level":-94,"frequency":2412,"BSSID":"00:27:0d:2e:79:f1","SSID":"eduroam"},"ap19":{"capabilities":"[ESS]","level":-78,"frequency":2412,"BSSID":"00:27:0d:08:be:80","SSID":"aalto open"},"ap16":{"capabilities":"[WPA2-EAP-CCMP][ESS]","level":-85,"frequency":2412,"BSSID":"00:27:0d:08:be:81","SSID":"eduroam"},"ap17":{"capabilities":"[ESS]","level":-86,"frequency":2437,"BSSID":"00:90:4c:91:00:03","SSID":"dd-wrt"},"ap9":{"capabilities":"[IBSS]","level":-79,"frequency":2457,"BSSID":"0e:b6:24:9f:49:f2","SSID":"Portthru"},"ap8":{"capabilities":"[ESS]","level":-77,"frequency":2462,"BSSID":"00:27:0d:2d:d0:70","SSID":"aalto open"},"ap7":{"capabilities":"[WPA2-PSK-CCMP-preauth][ESS]","level":-74,"frequency":2412,"BSSID":"00:1d:7e:fc:31:06","SSID":"NFC"},"ap20":{"capabilities":"[WPA2-EAP-CCMP][ESS]","level":-92,"frequency":2412,"BSSID":"00:27:0d:08:bf:11","SSID":"eduroam"},"ap11":{"capabilities":"[ESS]","level":-80,"frequency":2412,"BSSID":"00:22:55:df:65:10","SSID":"aalto open"},"ap10":{"capabilities":"[WPA2-EAP-CCMP][ESS]","level":-81,"frequency":2412,"BSSID":"00:22:55:df:65:11","SSID":"eduroam"},"ap22":{"capabilities":"[ESS]","level":-91,"frequency":2412,"BSSID":"00:22:55:75:44:90","SSID":"aalto open"},"ap21":{"capabilities":"[ESS]","level":-92,"frequency":2412,"BSSID":"00:27:0d:08:bf:10","SSID":"aalto open"},"ap2":{"capabilities":"[WPA2-PSK-CCMP][ESS]","level":-82,"frequency":2462,"BSSID":"f8:5f:2a:5f:5c:a8","SSID":"NOKIA Lumia 900_5438"},"ap1":{"capabilities":"[WPA2-EAP-CCMP][ESS]","level":-81,"frequency":2412,"BSSID":"08:1f:f3:b2:d0:a1","SSID":"eduroam"},"ap6":{"capabilities":"[WPA2-EAP-CCMP][ESS]","level":-82,"frequency":2462,"BSSID":"00:27:0d:2d:d0:71","SSID":"eduroam"},"ap5":{"capabilities":"[WPA2-EAP-CCMP][ESS]","level":-67,"frequency":2437,"BSSID":"00:27:0d:2d:dd:c1","SSID":"eduroam"},"ap4":{"capabilities":"[ESS]","level":-63,"frequency":2437,"BSSID":"00:27:0d:2d:dd:c0","SSID":"aalto open"},"ap3":{"capabilities":"[WPA-PSK-TKIP][WPS][ESS]","level":-92,"frequency":2427,"BSSID":"00:18:84:88:bf:88","SSID":"MyPlace"}},"measurement 1":{"ap14":{"capabilities":"[WPA2-EAP-CCMP][ESS]","level":-94,"frequency":2412,"BSSID":"00:22:55:df:65:11","SSID":"eduroam"},"ap15":{"capabilities":"[ESS]","level":-95,"frequency":2412,"BSSID":"00:27:0d:0b:d1:c0","SSID":"aalto open"},"ap12":{"capabilities":"[IBSS]","level":-82,"frequency":2457,"BSSID":"0e:b6:24:9f:49:f2","SSID":"Portthru"},"ap13":{"capabilities":"[ESS]","level":-82,"frequency":2437,"BSSID":"00:90:4c:91:00:03","SSID":"dd-wrt"},"ap18":{"capabilities":"[WPA2-EAP-CCMP][ESS]","level":-84,"frequency":2437,"BSSID":"a0:cf:5b:ca:a9:01","SSID":"eduroam"},"ap19":{"capabilities":"[WPA2-EAP-CCMP][ESS]","level":-78,"frequency":2412,"BSSID":"00:27:0d:08:bf:11","SSID":"eduroam"},"ap16":{"capabilities":"[ESS]","level":-80,"frequency":2412,"BSSID":"00:22:55:df:65:10","SSID":"aalto open"},"ap17":{"capabilities":"[WPA-PSK-TKIP+CCMP][WPA2-PSK-TKIP+CCMP][WPS][ESS]","level":-86,"frequency":2427,"BSSID":"10:6f:3f:f7:37:c8","SSID":"Ren_2.4"},"ap9":{"capabilities":"[WPA2-PSK-CCMP-preauth][ESS]","level":-83,"frequency":2412,"BSSID":"00:1d:7e:fc:31:06","SSID":"NFC"},"ap8":{"capabilities":"[ESS]","level":-79,"frequency":2462,"BSSID":"a4:56:30:e8:17:60","SSID":"aalto open"},"ap7":{"capabilities":"[WPA2-EAP-CCMP][ESS]","level":-74,"frequency":2462,"BSSID":"00:27:0d:2d:d0:71","SSID":"eduroam"},"ap20":{"capabilities":"[ESS]","level":-81,"frequency":2412,"BSSID":"00:27:0d:08:bf:10","SSID":"aalto open"},"ap11":{"capabilities":"[WPA2-EAP-CCMP][ESS]","level":-81,"frequency":2462,"BSSID":"a0:cf:5b:fa:34:e1","SSID":"eduroam"},"ap10":{"capabilities":"[ESS]","level":-76,"frequency":2462,"BSSID":"00:27:0d:2d:d0:70","SSID":"aalto open"},"ap22":{"capabilities":"[ESS]","level":-87,"frequency":2437,"BSSID":"a0:cf:5b:ca:a9:00","SSID":"aalto open"},"ap21":{"capabilities":"[ESS]","level":-85,"frequency":2412,"BSSID":"00:27:0d:08:be:80","SSID":"aalto open"},"ap2":{"capabilities":"[WPA2-PSK-CCMP][ESS]","level":-82,"frequency":2462,"BSSID":"f8:5f:2a:5f:5c:a8","SSID":"NOKIA Lumia 900_5438"},"ap1":{"capabilities":"[WPA2-EAP-CCMP][ESS]","level":-73,"frequency":2412,"BSSID":"08:1f:f3:b2:d0:a1","SSID":"eduroam"},"ap6":{"capabilities":"[ESS]","level":-74,"frequency":2412,"BSSID":"08:1f:f3:b2:d0:a0","SSID":"aalto open"},"ap5":{"capabilities":"[WPA2-EAP-CCMP][ESS]","level":-66,"frequency":2437,"BSSID":"00:27:0d:2d:dd:c1","SSID":"eduroam"},"ap4":{"capabilities":"[ESS]","level":-70,"frequency":2437,"BSSID":"00:27:0d:2d:dd:c0","SSID":"aalto open"},"ap3":{"capabilities":"[WPA-PSK-TKIP][WPS][ESS]","level":-86,"frequency":2427,"BSSID":"00:18:84:88:bf:88","SSID":"MyPlace"}},"measurement 14":{"ap14":{"capabilities":"[WPA2-PSK-CCMP][WPS][ESS]","level":-77,"frequency":2462,"BSSID":"22:2f:6b:6a:86:50","SSID":"cellulaire gsm olivier"},"ap15":{"capabilities":"[WPA2-EAP-CCMP][ESS]","level":-89,"frequency":2412,"BSSID":"00:27:0d:08:bf:11","SSID":"eduroam"},"ap12":{"capabilities":"[WPA2-EAP-CCMP][ESS]","level":-82,"frequency":2437,"BSSID":"a0:cf:5b:ca:a9:01","SSID":"eduroam"},"ap13":{"capabilities":"[ESS]","level":-84,"frequency":2437,"BSSID":"a0:cf:5b:ca:a9:00","SSID":"aalto open"},"ap16":{"capabilities":"[WPA2-EAP-CCMP][ESS]","level":-86,"frequency":2412,"BSSID":"00:22:55:75:44:91","SSID":"eduroam"},"ap17":{"capabilities":"[WPA2-PSK-CCMP][ESS]","level":-90,"frequency":2427,"BSSID":"30:85:a9:6c:9b:e2","SSID":"Ren_2.4G"},"ap9":{"capabilities":"[WPA2-EAP-CCMP][ESS]","level":-80,"frequency":2412,"BSSID":"00:22:55:df:65:11","SSID":"eduroam"},"ap8":{"capabilities":"[IBSS]","level":-77,"frequency":2457,"BSSID":"0e:b6:24:9f:49:f2","SSID":"Portthru"},"ap7":{"capabilities":"[ESS]","level":-76,"frequency":2462,"BSSID":"00:27:0d:2d:d0:70","SSID":"aalto open"},"ap11":{"capabilities":"[WPA-PSK-TKIP+CCMP][WPA2-PSK-TKIP+CCMP][WPS][ESS]","level":-88,"frequency":2427,"BSSID":"10:6f:3f:f7:37:c8","SSID":"Ren_2.4"},"ap10":{"capabilities":"[ESS]","level":-81,"frequency":2412,"BSSID":"00:22:55:df:65:10","SSID":"aalto open"},"ap2":{"capabilities":"[WPA2-PSK-CCMP][ESS]","level":-83,"frequency":2462,"BSSID":"f8:5f:2a:5f:5c:a8","SSID":"NOKIA Lumia 900_5438"},"ap1":{"capabilities":"[WPA2-EAP-CCMP][ESS]","level":-79,"frequency":2412,"BSSID":"08:1f:f3:b2:d0:a1","SSID":"eduroam"},"ap6":{"capabilities":"[WPA2-PSK-CCMP-preauth][ESS]","level":-77,"frequency":2412,"BSSID":"00:1d:7e:fc:31:06","SSID":"NFC"},"ap5":{"capabilities":"[WPA2-EAP-CCMP][ESS]","level":-77,"frequency":2462,"BSSID":"00:27:0d:2d:d0:71","SSID":"eduroam"},"ap4":{"capabilities":"[WPA2-EAP-CCMP][ESS]","level":-78,"frequency":2437,"BSSID":"00:27:0d:2d:dd:c1","SSID":"eduroam"},"ap3":{"capabilities":"[ESS]","level":-61,"frequency":2437,"BSSID":"00:27:0d:2d:dd:c0","SSID":"aalto open"}},"measurement 2":{"ap23":{"capabilities":"[ESS]","level":-86,"frequency":2462,"BSSID":"00:22:55:75:48:a0","SSID":"aalto open"},"ap14":{"capabilities":"[ESS]","level":-95,"frequency":2412,"BSSID":"00:27:0d:0b:d1:c0","SSID":"aalto open"},"ap15":{"capabilities":"[ESS]","level":-83,"frequency":2412,"BSSID":"00:22:55:df:65:10","SSID":"aalto open"},"ap12":{"capabilities":"[IBSS]","level":-82,"frequency":2457,"BSSID":"0e:b6:24:9f:49:f2","SSID":"Portthru"},"ap13":{"capabilities":"[WPA2-EAP-CCMP][ESS]","level":-94,"frequency":2412,"BSSID":"00:22:55:df:65:11","SSID":"eduroam"},"ap18":{"capabilities":"[WPA2-EAP-CCMP][ESS]","level":-78,"frequency":2412,"BSSID":"00:27:0d:08:bf:11","SSID":"eduroam"},"ap19":{"capabilities":"[ESS]","level":-84,"frequency":2412,"BSSID":"00:27:0d:08:be:80","SSID":"aalto open"},"ap16":{"capabilities":"[WPA-PSK-TKIP+CCMP][WPA2-PSK-TKIP+CCMP][WPS][ESS]","level":-82,"frequency":2427,"BSSID":"10:6f:3f:f7:37:c8","SSID":"Ren_2.4"},"ap17":{"capabilities":"[WPA2-EAP-CCMP][ESS]","level":-85,"frequency":2437,"BSSID":"a0:cf:5b:ca:a9:01","SSID":"eduroam"},"ap9":{"capabilities":"[WPA2-PSK-CCMP-preauth][ESS]","level":-77,"frequency":2412,"BSSID":"00:1d:7e:fc:31:06","SSID":"NFC"},"ap8":{"capabilities":"[ESS]","level":-82,"frequency":2462,"BSSID":"a4:56:30:e8:17:60","SSID":"aalto open"},"ap7":{"capabilities":"[WPA2-EAP-CCMP][ESS]","level":-67,"frequency":2462,"BSSID":"00:27:0d:2d:d0:71","SSID":"eduroam"},"ap20":{"capabilities":"[ESS]","level":-85,"frequency":2437,"BSSID":"a0:cf:5b:ca:a9:00","SSID":"aalto open"},"ap11":{"capabilities":"[WPA2-EAP-CCMP][ESS]","level":-81,"frequency":2462,"BSSID":"a0:cf:5b:fa:34:e1","SSID":"eduroam"},"ap10":{"capabilities":"[ESS]","level":-64,"frequency":2462,"BSSID":"00:27:0d:2d:d0:70","SSID":"aalto open"},"ap22":{"capabilities":"[WPA2-EAP-CCMP][ESS]","level":-83,"frequency":2412,"BSSID":"00:27:0d:08:be:81","SSID":"eduroam"},"ap21":{"capabilities":"[WPA2-PSK-CCMP][WPS][ESS]","level":-76,"frequency":2462,"BSSID":"22:2f:6b:6a:86:50","SSID":"cellulaire gsm olivier"},"ap2":{"capabilities":"[WPA2-PSK-CCMP][ESS]","level":-84,"frequency":2462,"BSSID":"f8:5f:2a:5f:5c:a8","SSID":"NOKIA Lumia 900_5438"},"ap1":{"capabilities":"[WPA2-EAP-CCMP][ESS]","level":-75,"frequency":2412,"BSSID":"08:1f:f3:b2:d0:a1","SSID":"eduroam"},"ap6":{"capabilities":"[ESS]","level":-74,"frequency":2412,"BSSID":"08:1f:f3:b2:d0:a0","SSID":"aalto open"},"ap5":{"capabilities":"[WPA2-EAP-CCMP][ESS]","level":-65,"frequency":2437,"BSSID":"00:27:0d:2d:dd:c1","SSID":"eduroam"},"ap4":{"capabilities":"[ESS]","level":-75,"frequency":2437,"BSSID":"00:27:0d:2d:dd:c0","SSID":"aalto open"},"ap3":{"capabilities":"[WPA-PSK-TKIP][WPS][ESS]","level":-87,"frequency":2427,"BSSID":"00:18:84:88:bf:88","SSID":"MyPlace"}},"measurement 13":{"ap14":{"capabilities":"[ESS]","level":-84,"frequency":2437,"BSSID":"a0:cf:5b:ca:a9:00","SSID":"aalto open"},"ap15":{"capabilities":"[WPA2-PSK-CCMP][WPS][ESS]","level":-77,"frequency":2462,"BSSID":"22:2f:6b:6a:86:50","SSID":"cellulaire gsm olivier"},"ap12":{"capabilities":"[WPA-PSK-TKIP+CCMP][WPA2-PSK-TKIP+CCMP][WPS][ESS]","level":-85,"frequency":2427,"BSSID":"10:6f:3f:f7:37:c8","SSID":"Ren_2.4"},"ap13":{"capabilities":"[WPA2-EAP-CCMP][ESS]","level":-81,"frequency":2437,"BSSID":"a0:cf:5b:ca:a9:01","SSID":"eduroam"},"ap18":{"capabilities":"[ESS]","level":-92,"frequency":2412,"BSSID":"00:27:0d:08:bf:10","SSID":"aalto open"},"ap19":{"capabilities":"[ESS]","level":-91,"frequency":2412,"BSSID":"00:22:55:75:44:90","SSID":"aalto open"},"ap16":{"capabilities":"[WPA2-EAP-CCMP][ESS]","level":-85,"frequency":2412,"BSSID":"00:27:0d:08:be:81","SSID":"eduroam"},"ap17":{"capabilities":"[WPA2-EAP-CCMP][ESS]","level":-92,"frequency":2412,"BSSID":"00:27:0d:08:bf:11","SSID":"eduroam"},"ap9":{"capabilities":"[IBSS]","level":-77,"frequency":2457,"BSSID":"0e:b6:24:9f:49:f2","SSID":"Portthru"},"ap8":{"capabilities":"[ESS]","level":-79,"frequency":2462,"BSSID":"00:27:0d:2d:d0:70","SSID":"aalto open"},"ap7":{"capabilities":"[WPA2-PSK-CCMP-preauth][ESS]","level":-73,"frequency":2412,"BSSID":"00:1d:7e:fc:31:06","SSID":"NFC"},"ap20":{"capabilities":"[ESS]","level":-84,"frequency":2462,"BSSID":"00:22:55:df:64:d0","SSID":"aalto open"},"ap11":{"capabilities":"[ESS]","level":-82,"frequency":2412,"BSSID":"00:22:55:df:65:10","SSID":"aalto open"},"ap10":{"capabilities":"[WPA2-EAP-CCMP][ESS]","level":-82,"frequency":2412,"BSSID":"00:22:55:df:65:11","SSID":"eduroam"},"ap22":{"capabilities":"[WPA2-PSK-CCMP][ESS]","level":-90,"frequency":2427,"BSSID":"30:85:a9:6c:9b:e2","SSID":"Ren_2.4G"},"ap21":{"capabilities":"[WPA2-EAP-CCMP][ESS]","level":-86,"frequency":2412,"BSSID":"00:22:55:75:44:91","SSID":"eduroam"},"ap2":{"capabilities":"[WPA2-PSK-CCMP][ESS]","level":-81,"frequency":2462,"BSSID":"f8:5f:2a:5f:5c:a8","SSID":"NOKIA Lumia 900_5438"},"ap1":{"capabilities":"[WPA2-EAP-CCMP][ESS]","level":-79,"frequency":2412,"BSSID":"08:1f:f3:b2:d0:a1","SSID":"eduroam"},"ap6":{"capabilities":"[WPA2-EAP-CCMP][ESS]","level":-77,"frequency":2462,"BSSID":"00:27:0d:2d:d0:71","SSID":"eduroam"},"ap5":{"capabilities":"[WPA2-EAP-CCMP][ESS]","level":-74,"frequency":2437,"BSSID":"00:27:0d:2d:dd:c1","SSID":"eduroam"},"ap4":{"capabilities":"[ESS]","level":-74,"frequency":2437,"BSSID":"00:27:0d:2d:dd:c0","SSID":"aalto open"},"ap3":{"capabilities":"[WPA-PSK-TKIP][WPS][ESS]","level":-92,"frequency":2427,"BSSID":"00:18:84:88:bf:88","SSID":"MyPlace"}},"measurement 3":{"ap23":{"capabilities":"[ESS]","level":-87,"frequency":2437,"BSSID":"00:90:4c:91:00:03","SSID":"dd-wrt"},"ap14":{"capabilities":"[WPA-PSK-TKIP+CCMP][WPA2-PSK-TKIP+CCMP][WPS][ESS]","level":-82,"frequency":2427,"BSSID":"10:6f:3f:f7:37:c8","SSID":"Ren_2.4"},"ap15":{"capabilities":"[WPA2-EAP-CCMP][ESS]","level":-88,"frequency":2437,"BSSID":"a0:cf:5b:ca:a9:01","SSID":"eduroam"},"ap12":{"capabilities":"[WPA2-EAP-CCMP][ESS]","level":-77,"frequency":2412,"BSSID":"00:22:55:df:65:11","SSID":"eduroam"},"ap13":{"capabilities":"[ESS]","level":-83,"frequency":2412,"BSSID":"00:22:55:df:65:10","SSID":"aalto open"},"ap18":{"capabilities":"[WPA2-PSK-CCMP][WPS][ESS]","level":-75,"frequency":2462,"BSSID":"22:2f:6b:6a:86:50","SSID":"cellulaire gsm olivier"},"ap19":{"capabilities":"[WPA2-EAP-CCMP][ESS]","level":-83,"frequency":2412,"BSSID":"00:27:0d:08:be:81","SSID":"eduroam"},"ap16":{"capabilities":"[ESS]","level":-84,"frequency":2412,"BSSID":"00:27:0d:08:be:80","SSID":"aalto open"},"ap17":{"capabilities":"[ESS]","level":-88,"frequency":2437,"BSSID":"a0:cf:5b:ca:a9:00","SSID":"aalto open"},"ap9":{"capabilities":"[WPA2-PSK-CCMP-preauth][ESS]","level":-71,"frequency":2412,"BSSID":"00:1d:7e:fc:31:06","SSID":"NFC"},"ap8":{"capabilities":"[ESS]","level":-82,"frequency":2462,"BSSID":"a4:56:30:e8:17:60","SSID":"aalto open"},"ap7":{"capabilities":"[WPA2-EAP-CCMP][ESS]","level":-67,"frequency":2462,"BSSID":"00:27:0d:2d:d0:71","SSID":"eduroam"},"ap20":{"capabilities":"[ESS]","level":-86,"frequency":2462,"BSSID":"00:22:55:75:48:a0","SSID":"aalto open"},"ap11":{"capabilities":"[IBSS]","level":-76,"frequency":2457,"BSSID":"0e:b6:24:9f:49:f2","SSID":"Portthru"},"ap10":{"capabilities":"[ESS]","level":-66,"frequency":2462,"BSSID":"00:27:0d:2d:d0:70","SSID":"aalto open"},"ap22":{"capabilities":"[WPA2-EAP-CCMP][ESS]","level":-95,"frequency":2412,"BSSID":"00:22:55:75:44:91","SSID":"eduroam"},"ap21":{"capabilities":"[WPA2-EAP-CCMP][ESS]","level":-83,"frequency":2462,"BSSID":"00:22:55:df:64:d1","SSID":"eduroam"},"ap2":{"capabilities":"[WPA2-PSK-CCMP][ESS]","level":-84,"frequency":2462,"BSSID":"f8:5f:2a:5f:5c:a8","SSID":"NOKIA Lumia 900_5438"},"ap1":{"capabilities":"[WPA2-EAP-CCMP][ESS]","level":-75,"frequency":2412,"BSSID":"08:1f:f3:b2:d0:a1","SSID":"eduroam"},"ap6":{"capabilities":"[ESS]","level":-79,"frequency":2412,"BSSID":"08:1f:f3:b2:d0:a0","SSID":"aalto open"},"ap5":{"capabilities":"[WPA2-EAP-CCMP][ESS]","level":-70,"frequency":2437,"BSSID":"00:27:0d:2d:dd:c1","SSID":"eduroam"},"ap4":{"capabilities":"[ESS]","level":-71,"frequency":2437,"BSSID":"00:27:0d:2d:dd:c0","SSID":"aalto open"},"ap3":{"capabilities":"[WPA-PSK-TKIP][WPS][ESS]","level":-89,"frequency":2427,"BSSID":"00:18:84:88:bf:88","SSID":"MyPlace"}},"measurement 15":{"ap14":{"capabilities":"[WPA2-PSK-CCMP][WPS][ESS]","level":-77,"frequency":2462,"BSSID":"22:2f:6b:6a:86:50","SSID":"cellulaire gsm olivier"},"ap15":{"capabilities":"[WPA2-EAP-CCMP][ESS]","level":-89,"frequency":2412,"BSSID":"00:27:0d:08:bf:11","SSID":"eduroam"},"ap12":{"capabilities":"[WPA2-EAP-CCMP][ESS]","level":-88,"frequency":2437,"BSSID":"a0:cf:5b:ca:a9:01","SSID":"eduroam"},"ap13":{"capabilities":"[ESS]","level":-81,"frequency":2437,"BSSID":"a0:cf:5b:ca:a9:00","SSID":"aalto open"},"ap16":{"capabilities":"[WPA2-EAP-CCMP][ESS]","level":-92,"frequency":2412,"BSSID":"00:22:55:75:44:91","SSID":"eduroam"},"ap9":{"capabilities":"[WPA2-EAP-CCMP][ESS]","level":-80,"frequency":2412,"BSSID":"00:22:55:df:65:11","SSID":"eduroam"},"ap8":{"capabilities":"[IBSS]","level":-83,"frequency":2457,"BSSID":"0e:b6:24:9f:49:f2","SSID":"Portthru"},"ap7":{"capabilities":"[ESS]","level":-73,"frequency":2462,"BSSID":"00:27:0d:2d:d0:70","SSID":"aalto open"},"ap11":{"capabilities":"[WPA-PSK-TKIP+CCMP][WPA2-PSK-TKIP+CCMP][WPS][ESS]","level":-84,"frequency":2427,"BSSID":"10:6f:3f:f7:37:c8","SSID":"Ren_2.4"},"ap10":{"capabilities":"[ESS]","level":-81,"frequency":2412,"BSSID":"00:22:55:df:65:10","SSID":"aalto open"},"ap2":{"capabilities":"[WPA2-PSK-CCMP][ESS]","level":-83,"frequency":2462,"BSSID":"f8:5f:2a:5f:5c:a8","SSID":"NOKIA Lumia 900_5438"},"ap1":{"capabilities":"[WPA2-EAP-CCMP][ESS]","level":-79,"frequency":2412,"BSSID":"08:1f:f3:b2:d0:a1","SSID":"eduroam"},"ap6":{"capabilities":"[WPA2-PSK-CCMP-preauth][ESS]","level":-74,"frequency":2412,"BSSID":"00:1d:7e:fc:31:06","SSID":"NFC"},"ap5":{"capabilities":"[WPA2-EAP-CCMP][ESS]","level":-77,"frequency":2462,"BSSID":"00:27:0d:2d:d0:71","SSID":"eduroam"},"ap4":{"capabilities":"[WPA2-EAP-CCMP][ESS]","level":-67,"frequency":2437,"BSSID":"00:27:0d:2d:dd:c1","SSID":"eduroam"},"ap3":{"capabilities":"[ESS]","level":-72,"frequency":2437,"BSSID":"00:27:0d:2d:dd:c0","SSID":"aalto open"}}}