{"measurement 5":{"ap14":{"capabilities":"[WPA2-EAP-CCMP][ESS]","level":-90,"frequency":2412,"BSSID":"00:27:0d:08:be:81","SSID":"eduroam"},"ap15":{"capabilities":"[WPA-PSK-TKIP][WPS][ESS]","level":-91,"frequency":2427,"BSSID":"00:18:84:88:bf:88","SSID":"MyPlace"},"ap12":{"capabilities":"[ESS]","level":-87,"frequency":2462,"BSSID":"a4:56:30:e8:17:60","SSID":"aalto open"},"ap13":{"capabilities":"[WPA2-EAP-CCMP][ESS]","level":-86,"frequency":2462,"BSSID":"a4:56:30:e8:17:61","SSID":"eduroam"},"ap18":{"capabilities":"[WPA-PSK-TKIP+CCMP][WPA2-PSK-TKIP+CCMP][WPS][ESS]","level":-90,"frequency":2427,"BSSID":"10:6f:3f:f7:37:c8","SSID":"Ren_2.4"},"ap19":{"capabilities":"[WPA2-EAP-CCMP][ESS]","level":-92,"frequency":2412,"BSSID":"00:27:0d:08:bf:11","SSID":"eduroam"},"ap16":{"capabilities":"[ESS]","level":-92,"frequency":2412,"BSSID":"00:22:55:75:44:90","SSID":"aalto open"},"ap17":{"capabilities":"[ESS]","level":-90,"frequency":2412,"BSSID":"00:27:0d:0b:d1:c0","SSID":"aalto open"},"ap9":{"capabilities":"[WPA2-PSK-CCMP][ESS]","level":-85,"frequency":2462,"BSSID":"98:0c:82:d7:62:cf","SSID":"motivaatiomuikku"},"ap8":{"capabilities":"[WPA2-EAP-CCMP][ESS]","level":-81,"frequency":2462,"BSSID":"00:27:0d:2d:d0:71","SSID":"eduroam"},"ap7":{"capabilities":"[ESS]","level":-69,"frequency":2412,"BSSID":"00:22:55:df:65:10","SSID":"aalto open"},"ap20":{"capabilities":"[WPA2-EAP-CCMP][ESS]","level":-79,"frequency":2412,"BSSID":"08:1f:f3:b2:d0:a1","SSID":"eduroam"},"ap11":{"capabilities":"[ESS]","level":-80,"frequency":2412,"BSSID":"08:1f:f3:b2:d0:a0","SSID":"aalto open"},"ap10":{"capabilities":"[IBSS]","level":-84,"frequency":2457,"BSSID":"0e:b6:24:9f:49:f2","SSID":"Portthru"},"ap21":{"capabilities":"[ESS]","level":-88,"frequency":2412,"BSSID":"00:27:0d:08:bf:10","SSID":"aalto open"},"ap2":{"capabilities":"[WPA2-EAP-CCMP][ESS]","level":-71,"frequency":2412,"BSSID":"00:22:55:df:65:11","SSID":"eduroam"},"ap1":{"capabilities":"[WPA2-EAP-CCMP][ESS]","level":-73,"frequency":2437,"BSSID":"00:27:0d:2d:dd:c1","SSID":"eduroam"},"ap6":{"capabilities":"[ESS]","level":-81,"frequency":2462,"BSSID":"00:27:0d:2d:d0:70","SSID":"aalto open"},"ap5":{"capabilities":"[ESS]","level":-74,"frequency":2437,"BSSID":"00:27:0d:2d:dd:c0","SSID":"aalto open"},"ap4":{"capabilities":"[WPA2-PSK-CCMP-preauth][ESS]","level":-81,"frequency":2412,"BSSID":"00:1d:7e:fc:31:06","SSID":"NFC"},"ap3":{"capabilities":"[WPA2-PSK-CCMP][ESS]","level":-80,"frequency":2412,"BSSID":"50:2e:5c:32:b7:22","SSID":"AndroidAP"}},"measurement 4":{"ap14":{"capabilities":"[WPA2-EAP-CCMP][ESS]","level":-90,"frequency":2412,"BSSID":"00:27:0d:08:be:81","SSID":"eduroam"},"ap15":{"capabilities":"[WPA-PSK-TKIP][WPS][ESS]","level":-91,"frequency":2427,"BSSID":"00:18:84:88:bf:88","SSID":"MyPlace"},"ap12":{"capabilities":"[ESS]","level":-87,"frequency":2462,"BSSID":"a4:56:30:e8:17:60","SSID":"aalto open"},"ap13":{"capabilities":"[WPA2-EAP-CCMP][ESS]","level":-86,"frequency":2462,"BSSID":"a4:56:30:e8:17:61","SSID":"eduroam"},"ap18":{"capabilities":"[WPA-PSK-TKIP+CCMP][WPA2-PSK-TKIP+CCMP][WPS][ESS]","level":-90,"frequency":2427,"BSSID":"10:6f:3f:f7:37:c8","SSID":"Ren_2.4"},"ap19":{"capabilities":"[WPA2-EAP-CCMP][ESS]","level":-92,"frequency":2412,"BSSID":"00:27:0d:08:bf:11","SSID":"eduroam"},"ap16":{"capabilities":"[ESS]","level":-92,"frequency":2412,"BSSID":"00:22:55:75:44:90","SSID":"aalto open"},"ap17":{"capabilities":"[ESS]","level":-90,"frequency":2412,"BSSID":"00:27:0d:0b:d1:c0","SSID":"aalto open"},"ap9":{"capabilities":"[WPA2-PSK-CCMP][ESS]","level":-85,"frequency":2462,"BSSID":"98:0c:82:d7:62:cf","SSID":"motivaatiomuikku"},"ap8":{"capabilities":"[WPA2-EAP-CCMP][ESS]","level":-77,"frequency":2462,"BSSID":"00:27:0d:2d:d0:71","SSID":"eduroam"},"ap7":{"capabilities":"[ESS]","level":-69,"frequency":2412,"BSSID":"00:22:55:df:65:10","SSID":"aalto open"},"ap11":{"capabilities":"[ESS]","level":-82,"frequency":2412,"BSSID":"08:1f:f3:b2:d0:a0","SSID":"aalto open"},"ap10":{"capabilities":"[IBSS]","level":-84,"frequency":2457,"BSSID":"0e:b6:24:9f:49:f2","SSID":"Portthru"},"ap2":{"capabilities":"[WPA2-EAP-CCMP][ESS]","level":-69,"frequency":2412,"BSSID":"00:22:55:df:65:11","SSID":"eduroam"},"ap1":{"capabilities":"[WPA2-EAP-CCMP][ESS]","level":-77,"frequency":2437,"BSSID":"00:27:0d:2d:dd:c1","SSID":"eduroam"},"ap6":{"capabilities":"[ESS]","level":-78,"frequency":2462,"BSSID":"00:27:0d:2d:d0:70","SSID":"aalto open"},"ap5":{"capabilities":"[ESS]","level":-75,"frequency":2437,"BSSID":"00:27:0d:2d:dd:c0","SSID":"aalto open"},"ap4":{"capabilities":"[WPA2-PSK-CCMP-preauth][ESS]","level":-81,"frequency":2412,"BSSID":"00:1d:7e:fc:31:06","SSID":"NFC"},"ap3":{"capabilities":"[WPA2-PSK-CCMP][ESS]","level":-78,"frequency":2412,"BSSID":"50:2e:5c:32:b7:22","SSID":"AndroidAP"}},"measurement 7":{"ap14":{"capabilities":"[WPA2-EAP-CCMP][ESS]","level":-92,"frequency":2412,"BSSID":"00:27:0d:08:bf:11","SSID":"eduroam"},"ap15":{"capabilities":"[WPA2-EAP-CCMP][ESS]","level":-79,"frequency":2412,"BSSID":"08:1f:f3:b2:d0:a1","SSID":"eduroam"},"ap12":{"capabilities":"[WPA-PSK-TKIP][WPS][ESS]","level":-91,"frequency":2427,"BSSID":"00:18:84:88:bf:88","SSID":"MyPlace"},"ap13":{"capabilities":"[WPA-PSK-TKIP+CCMP][WPA2-PSK-TKIP+CCMP][WPS][ESS]","level":-90,"frequency":2427,"BSSID":"10:6f:3f:f7:37:c8","SSID":"Ren_2.4"},"ap16":{"capabilities":"[ESS]","level":-88,"frequency":2412,"BSSID":"00:27:0d:08:bf:10","SSID":"aalto open"},"ap17":{"capabilities":"[ESS]","level":-92,"frequency":2412,"BSSID":"84:38:38:cb:00:13","SSID":"Niki"},"ap9":{"capabilities":"[WPA2-PSK-CCMP][ESS]","level":-85,"frequency":2462,"BSSID":"98:0c:82:d7:62:cf","SSID":"motivaatiomuikku"},"ap8":{"capabilities":"[WPA2-EAP-CCMP][ESS]","level":-81,"frequency":2462,"BSSID":"00:27:0d:2d:d0:71","SSID":"eduroam"},"ap7":{"capabilities":"[ESS]","level":-70,"frequency":2412,"BSSID":"00:22:55:df:65:10","SSID":"aalto open"},"ap11":{"capabilities":"[ESS]","level":-76,"frequency":2412,"BSSID":"08:1f:f3:b2:d0:a0","SSID":"aalto open"},"ap10":{"capabilities":"[IBSS]","level":-89,"frequency":2457,"BSSID":"0e:b6:24:9f:49:f2","SSID":"Portthru"},"ap2":{"capabilities":"[WPA2-EAP-CCMP][ESS]","level":-70,"frequency":2412,"BSSID":"00:22:55:df:65:11","SSID":"eduroam"},"ap1":{"capabilities":"[WPA2-EAP-CCMP][ESS]","level":-75,"frequency":2437,"BSSID":"00:27:0d:2d:dd:c1","SSID":"eduroam"},"ap6":{"capabilities":"[ESS]","level":-77,"frequency":2462,"BSSID":"00:27:0d:2d:d0:70","SSID":"aalto open"},"ap5":{"capabilities":"[ESS]","level":-73,"frequency":2437,"BSSID":"00:27:0d:2d:dd:c0","SSID":"aalto open"},"ap4":{"capabilities":"[WPA2-PSK-CCMP-preauth][ESS]","level":-77,"frequency":2412,"BSSID":"00:1d:7e:fc:31:06","SSID":"NFC"},"ap3":{"capabilities":"[WPA2-PSK-CCMP][ESS]","level":-79,"frequency":2412,"BSSID":"50:2e:5c:32:b7:22","SSID":"AndroidAP"}},"measurement 6":{"ap14":{"capabilities":"[ESS]","level":-90,"frequency":2412,"BSSID":"00:27:0d:0b:d1:c0","SSID":"aalto open"},"ap15":{"capabilities":"[WPA-PSK-TKIP+CCMP][WPA2-PSK-TKIP+CCMP][WPS][ESS]","level":-90,"frequency":2427,"BSSID":"10:6f:3f:f7:37:c8","SSID":"Ren_2.4"},"ap12":{"capabilities":"[WPA-PSK-TKIP][WPS][ESS]","level":-91,"frequency":2427,"BSSID":"00:18:84:88:bf:88","SSID":"MyPlace"},"ap13":{"capabilities":"[ESS]","level":-92,"frequency":2412,"BSSID":"00:22:55:75:44:90","SSID":"aalto open"},"ap18":{"capabilities":"[ESS]","level":-88,"frequency":2412,"BSSID":"00:27:0d:08:bf:10","SSID":"aalto open"},"ap19":{"capabilities":"[ESS]","level":-92,"frequency":2412,"BSSID":"84:38:38:cb:00:13","SSID":"Niki"},"ap16":{"capabilities":"[WPA2-EAP-CCMP][ESS]","level":-92,"frequency":2412,"BSSID":"00:27:0d:08:bf:11","SSID":"eduroam"},"ap17":{"capabilities":"[WPA2-EAP-CCMP][ESS]","level":-79,"frequency":2412,"BSSID":"08:1f:f3:b2:d0:a1","SSID":"eduroam"},"ap9":{"capabilities":"[WPA2-PSK-CCMP][ESS]","level":-84,"frequency":2462,"BSSID":"98:0c:82:d7:62:cf","SSID":"motivaatiomuikku"},"ap8":{"capabilities":"[WPA2-EAP-CCMP][ESS]","level":-84,"frequency":2462,"BSSID":"00:27:0d:2d:d0:71","SSID":"eduroam"},"ap7":{"capabilities":"[ESS]","level":-69,"frequency":2412,"BSSID":"00:22:55:df:65:10","SSID":"aalto open"},"ap11":{"capabilities":"[ESS]","level":-80,"frequency":2412,"BSSID":"08:1f:f3:b2:d0:a0","SSID":"aalto open"},"ap10":{"capabilities":"[IBSS]","level":-89,"frequency":2457,"BSSID":"0e:b6:24:9f:49:f2","SSID":"Portthru"},"ap2":{"capabilities":"[WPA2-EAP-CCMP][ESS]","level":-69,"frequency":2412,"BSSID":"00:22:55:df:65:11","SSID":"eduroam"},"ap1":{"capabilities":"[WPA2-EAP-CCMP][ESS]","level":-70,"frequency":2437,"BSSID":"00:27:0d:2d:dd:c1","SSID":"eduroam"},"ap6":{"capabilities":"[ESS]","level":-80,"frequency":2462,"BSSID":"00:27:0d:2d:d0:70","SSID":"aalto open"},"ap5":{"capabilities":"[ESS]","level":-74,"frequency":2437,"BSSID":"00:27:0d:2d:dd:c0","SSID":"aalto open"},"ap4":{"capabilities":"[WPA2-PSK-CCMP-preauth][ESS]","level":-77,"frequency":2412,"BSSID":"00:1d:7e:fc:31:06","SSID":"NFC"},"ap3":{"capabilities":"[WPA2-PSK-CCMP][ESS]","level":-79,"frequency":2412,"BSSID":"50:2e:5c:32:b7:22","SSID":"AndroidAP"}},"measurement 9":{"ap14":{"capabilities":"[ESS]","level":-90,"frequency":2412,"BSSID":"84:38:38:cb:00:13","SSID":"Niki"},"ap15":{"capabilities":"[WPA2-EAP-CCMP][ESS]","level":-85,"frequency":2412,"BSSID":"00:27:0d:0b:d1:c1","SSID":"eduroam"},"ap12":{"capabilities":"[WPA2-EAP-CCMP][ESS]","level":-85,"frequency":2412,"BSSID":"00:27:0d:08:bf:11","SSID":"eduroam"},"ap13":{"capabilities":"[WPA2-EAP-CCMP][ESS]","level":-79,"frequency":2412,"BSSID":"08:1f:f3:b2:d0:a1","SSID":"eduroam"},"ap16":{"capabilities":"[WPA2-EAP-CCMP][ESS]","level":-89,"frequency":2412,"BSSID":"00:22:55:75:44:91","SSID":"eduroam"},"ap9":{"capabilities":"[WPA2-PSK-CCMP][ESS]","level":-90,"frequency":2462,"BSSID":"98:0c:82:d7:62:cf","SSID":"motivaatiomuikku"},"ap8":{"capabilities":"[WPA2-EAP-CCMP][ESS]","level":-83,"frequency":2462,"BSSID":"00:27:0d:2d:d0:71","SSID":"eduroam"},"ap7":{"capabilities":"[ESS]","level":-69,"frequency":2412,"BSSID":"00:22:55:df:65:10","SSID":"aalto open"},"ap11":{"capabilities":"[ESS]","level":-80,"frequency":2412,"BSSID":"08:1f:f3:b2:d0:a0","SSID":"aalto open"},"ap10":{"capabilities":"[IBSS]","level":-88,"frequency":2457,"BSSID":"0e:b6:24:9f:49:f2","SSID":"Portthru"},"ap2":{"capabilities":"[WPA2-EAP-CCMP][ESS]","level":-74,"frequency":2412,"BSSID":"00:22:55:df:65:11","SSID":"eduroam"},"ap1":{"capabilities":"[WPA2-EAP-CCMP][ESS]","level":-72,"frequency":2437,"BSSID":"00:27:0d:2d:dd:c1","SSID":"eduroam"},"ap6":{"capabilities":"[ESS]","level":-77,"frequency":2462,"BSSID":"00:27:0d:2d:d0:70","SSID":"aalto open"},"ap5":{"capabilities":"[ESS]","level":-81,"frequency":2437,"BSSID":"00:27:0d:2d:dd:c0","SSID":"aalto open"},"ap4":{"capabilities":"[WPA2-PSK-CCMP-preauth][ESS]","level":-76,"frequency":2412,"BSSID":"00:1d:7e:fc:31:06","SSID":"NFC"},"ap3":{"capabilities":"[WPA2-PSK-CCMP][ESS]","level":-78,"frequency":2412,"BSSID":"50:2e:5c:32:b7:22","SSID":"AndroidAP"}},"measurement 8":{"ap14":{"capabilities":"[ESS]","level":-88,"frequency":2412,"BSSID":"00:27:0d:08:bf:10","SSID":"aalto open"},"ap15":{"capabilities":"[ESS]","level":-92,"frequency":2412,"BSSID":"84:38:38:cb:00:13","SSID":"Niki"},"ap12":{"capabilities":"[WPA2-EAP-CCMP][ESS]","level":-85,"frequency":2412,"BSSID":"00:27:0d:08:bf:11","SSID":"eduroam"},"ap13":{"capabilities":"[WPA2-EAP-CCMP][ESS]","level":-79,"frequency":2412,"BSSID":"08:1f:f3:b2:d0:a1","SSID":"eduroam"},"ap16":{"capabilities":"[WPA2-EAP-CCMP][ESS]","level":-85,"frequency":2412,"BSSID":"00:27:0d:0b:d1:c1","SSID":"eduroam"},"ap17":{"capabilities":"[WPA2-EAP-CCMP][ESS]","level":-89,"frequency":2412,"BSSID":"00:22:55:75:44:91","SSID":"eduroam"},"ap9":{"capabilities":"[WPA2-PSK-CCMP][ESS]","level":-87,"frequency":2462,"BSSID":"98:0c:82:d7:62:cf","SSID":"motivaatiomuikku"},"ap8":{"capabilities":"[WPA2-EAP-CCMP][ESS]","level":-77,"frequency":2462,"BSSID":"00:27:0d:2d:d0:71","SSID":"eduroam"},"ap7":{"capabilities":"[ESS]","level":-72,"frequency":2412,"BSSID":"00:22:55:df:65:10","SSID":"aalto open"},"ap11":{"capabilities":"[ESS]","level":-79,"frequency":2412,"BSSID":"08:1f:f3:b2:d0:a0","SSID":"aalto open"},"ap10":{"capabilities":"[IBSS]","level":-88,"frequency":2457,"BSSID":"0e:b6:24:9f:49:f2","SSID":"Portthru"},"ap2":{"capabilities":"[WPA2-EAP-CCMP][ESS]","level":-70,"frequency":2412,"BSSID":"00:22:55:df:65:11","SSID":"eduroam"},"ap1":{"capabilities":"[WPA2-EAP-CCMP][ESS]","level":-74,"frequency":2437,"BSSID":"00:27:0d:2d:dd:c1","SSID":"eduroam"},"ap6":{"capabilities":"[ESS]","level":-79,"frequency":2462,"BSSID":"00:27:0d:2d:d0:70","SSID":"aalto open"},"ap5":{"capabilities":"[ESS]","level":-71,"frequency":2437,"BSSID":"00:27:0d:2d:dd:c0","SSID":"aalto open"},"ap4":{"capabilities":"[WPA2-PSK-CCMP-preauth][ESS]","level":-76,"frequency":2412,"BSSID":"00:1d:7e:fc:31:06","SSID":"NFC"},"ap3":{"capabilities":"[WPA2-PSK-CCMP][ESS]","level":-78,"frequency":2412,"BSSID":"50:2e:5c:32:b7:22","SSID":"AndroidAP"}},"measurement 10":{"ap14":{"capabilities":"[ESS]","level":-92,"frequency":2412,"BSSID":"84:38:38:cb:00:13","SSID":"Niki"},"ap15":{"capabilities":"[WPA2-EAP-CCMP][ESS]","level":-85,"frequency":2412,"BSSID":"00:27:0d:0b:d1:c1","SSID":"eduroam"},"ap12":{"capabilities":"[WPA2-EAP-CCMP][ESS]","level":-85,"frequency":2412,"BSSID":"00:27:0d:08:bf:11","SSID":"eduroam"},"ap13":{"capabilities":"[WPA2-EAP-CCMP][ESS]","level":-79,"frequency":2412,"BSSID":"08:1f:f3:b2:d0:a1","SSID":"eduroam"},"ap18":{"capabilities":"[ESS]","level":-91,"frequency":2412,"BSSID":"00:27:0d:0b:d1:c0","SSID":"aalto open"},"ap16":{"capabilities":"[WPA2-EAP-CCMP][ESS]","level":-89,"frequency":2412,"BSSID":"00:22:55:75:44:91","SSID":"eduroam"},"ap17":{"capabilities":"[ESS]","level":-91,"frequency":2412,"BSSID":"00:22:55:75:44:90","SSID":"aalto open"},"ap9":{"capabilities":"[WPA2-PSK-CCMP][ESS]","level":-87,"frequency":2462,"BSSID":"98:0c:82:d7:62:cf","SSID":"motivaatiomuikku"},"ap8":{"capabilities":"[WPA2-EAP-CCMP][ESS]","level":-81,"frequency":2462,"BSSID":"00:27:0d:2d:d0:71","SSID":"eduroam"},"ap7":{"capabilities":"[ESS]","level":-69,"frequency":2412,"BSSID":"00:22:55:df:65:10","SSID":"aalto open"},"ap11":{"capabilities":"[ESS]","level":-80,"frequency":2412,"BSSID":"08:1f:f3:b2:d0:a0","SSID":"aalto open"},"ap10":{"capabilities":"[IBSS]","level":-91,"frequency":2457,"BSSID":"0e:b6:24:9f:49:f2","SSID":"Portthru"},"ap2":{"capabilities":"[WPA2-EAP-CCMP][ESS]","level":-70,"frequency":2412,"BSSID":"00:22:55:df:65:11","SSID":"eduroam"},"ap1":{"capabilities":"[WPA2-EAP-CCMP][ESS]","level":-75,"frequency":2437,"BSSID":"00:27:0d:2d:dd:c1","SSID":"eduroam"},"ap6":{"capabilities":"[ESS]","level":-82,"frequency":2462,"BSSID":"00:27:0d:2d:d0:70","SSID":"aalto open"},"ap5":{"capabilities":"[ESS]","level":-76,"frequency":2437,"BSSID":"00:27:0d:2d:dd:c0","SSID":"aalto open"},"ap4":{"capabilities":"[WPA2-PSK-CCMP-preauth][ESS]","level":-82,"frequency":2412,"BSSID":"00:1d:7e:fc:31:06","SSID":"NFC"},"ap3":{"capabilities":"[WPA2-PSK-CCMP][ESS]","level":-79,"frequency":2412,"BSSID":"50:2e:5c:32:b7:22","SSID":"AndroidAP"}},"measurement 12":{"ap14":{"capabilities":"[ESS]","level":-91,"frequency":2412,"BSSID":"00:22:55:75:44:90","SSID":"aalto open"},"ap15":{"capabilities":"[ESS]","level":-95,"frequency":2412,"BSSID":"00:27:0d:0b:d1:c0","SSID":"aalto open"},"ap12":{"capabilities":"[WPA2-EAP-CCMP][ESS]","level":-81,"frequency":2412,"BSSID":"08:1f:f3:b2:d0:a1","SSID":"eduroam"},"ap13":{"capabilities":"[ESS]","level":-87,"frequency":2412,"BSSID":"84:38:38:cb:00:13","SSID":"Niki"},"ap16":{"capabilities":"[ESS]","level":-92,"frequency":2412,"BSSID":"00:27:0d:08:bf:10","SSID":"aalto open"},"ap17":{"capabilities":"[WPA2-EAP-CCMP][ESS]","level":-87,"frequency":2462,"BSSID":"a4:56:30:e8:17:61","SSID":"eduroam"},"ap9":{"capabilities":"[WPA2-PSK-CCMP][ESS]","level":-84,"frequency":2462,"BSSID":"98:0c:82:d7:62:cf","SSID":"motivaatiomuikku"},"ap8":{"capabilities":"[WPA2-EAP-CCMP][ESS]","level":-86,"frequency":2462,"BSSID":"00:27:0d:2d:d0:71","SSID":"eduroam"},"ap7":{"capabilities":"[ESS]","level":-69,"frequency":2412,"BSSID":"00:22:55:df:65:10","SSID":"aalto open"},"ap11":{"capabilities":"[ESS]","level":-79,"frequency":2412,"BSSID":"08:1f:f3:b2:d0:a0","SSID":"aalto open"},"ap10":{"capabilities":"[IBSS]","level":-82,"frequency":2457,"BSSID":"0e:b6:24:9f:49:f2","SSID":"Portthru"},"ap2":{"capabilities":"[WPA2-EAP-CCMP][ESS]","level":-70,"frequency":2412,"BSSID":"00:22:55:df:65:11","SSID":"eduroam"},"ap1":{"capabilities":"[WPA2-EAP-CCMP][ESS]","level":-72,"frequency":2437,"BSSID":"00:27:0d:2d:dd:c1","SSID":"eduroam"},"ap6":{"capabilities":"[ESS]","level":-83,"frequency":2462,"BSSID":"00:27:0d:2d:d0:70","SSID":"aalto open"},"ap5":{"capabilities":"[ESS]","level":-70,"frequency":2437,"BSSID":"00:27:0d:2d:dd:c0","SSID":"aalto open"},"ap4":{"capabilities":"[WPA2-PSK-CCMP-preauth][ESS]","level":-79,"frequency":2412,"BSSID":"00:1d:7e:fc:31:06","SSID":"NFC"},"ap3":{"capabilities":"[WPA2-PSK-CCMP][ESS]","level":-85,"frequency":2412,"BSSID":"50:2e:5c:32:b7:22","SSID":"AndroidAP"}},"measurement 11":{"ap14":{"capabilities":"[ESS]","level":-87,"frequency":2412,"BSSID":"84:38:38:cb:00:13","SSID":"Niki"},"ap15":{"capabilities":"[WPA2-EAP-CCMP][ESS]","level":-85,"frequency":2412,"BSSID":"00:27:0d:0b:d1:c1","SSID":"eduroam"},"ap12":{"capabilities":"[WPA2-EAP-CCMP][ESS]","level":-85,"frequency":2412,"BSSID":"00:27:0d:08:bf:11","SSID":"eduroam"},"ap13":{"capabilities":"[WPA2-EAP-CCMP][ESS]","level":-81,"frequency":2412,"BSSID":"08:1f:f3:b2:d0:a1","SSID":"eduroam"},"ap18":{"capabilities":"[ESS]","level":-95,"frequency":2412,"BSSID":"00:27:0d:0b:d1:c0","SSID":"aalto open"},"ap19":{"capabilities":"[ESS]","level":-92,"frequency":2412,"BSSID":"00:27:0d:08:bf:10","SSID":"aalto open"},"ap16":{"capabilities":"[WPA2-EAP-CCMP][ESS]","level":-89,"frequency":2412,"BSSID":"00:22:55:75:44:91","SSID":"eduroam"},"ap17":{"capabilities":"[ESS]","level":-91,"frequency":2412,"BSSID":"00:22:55:75:44:90","SSID":"aalto open"},"ap9":{"capabilities":"[WPA2-PSK-CCMP][ESS]","level":-88,"frequency":2462,"BSSID":"98:0c:82:d7:62:cf","SSID":"motivaatiomuikku"},"ap8":{"capabilities":"[WPA2-EAP-CCMP][ESS]","level":-81,"frequency":2462,"BSSID":"00:27:0d:2d:d0:71","SSID":"eduroam"},"ap7":{"capabilities":"[ESS]","level":-70,"frequency":2412,"BSSID":"00:22:55:df:65:10","SSID":"aalto open"},"ap11":{"capabilities":"[ESS]","level":-80,"frequency":2412,"BSSID":"08:1f:f3:b2:d0:a0","SSID":"aalto open"},"ap10":{"capabilities":"[IBSS]","level":-86,"frequency":2457,"BSSID":"0e:b6:24:9f:49:f2","SSID":"Portthru"},"ap2":{"capabilities":"[WPA2-EAP-CCMP][ESS]","level":-70,"frequency":2412,"BSSID":"00:22:55:df:65:11","SSID":"eduroam"},"ap1":{"capabilities":"[WPA2-EAP-CCMP][ESS]","level":-74,"frequency":2437,"BSSID":"00:27:0d:2d:dd:c1","SSID":"eduroam"},"ap6":{"capabilities":"[ESS]","level":-76,"frequency":2462,"BSSID":"00:27:0d:2d:d0:70","SSID":"aalto open"},"ap5":{"capabilities":"[ESS]","level":-73,"frequency":2437,"BSSID":"00:27:0d:2d:dd:c0","SSID":"aalto open"},"ap4":{"capabilities":"[WPA2-PSK-CCMP-preauth][ESS]","level":-79,"frequency":2412,"BSSID":"00:1d:7e:fc:31:06","SSID":"NFC"},"ap3":{"capabilities":"[WPA2-PSK-CCMP][ESS]","level":-76,"frequency":2412,"BSSID":"50:2e:5c:32:b7:22","SSID":"AndroidAP"}},"measurement 1":{"ap14":{"capabilities":"[WPA2-EAP-CCMP][ESS]","level":-85,"frequency":2462,"BSSID":"a4:56:30:e8:17:61","SSID":"eduroam"},"ap15":{"capabilities":"[ESS]","level":-90,"frequency":2412,"BSSID":"00:27:0d:08:bf:10","SSID":"aalto open"},"ap12":{"capabilities":"[ESS]","level":-75,"frequency":2412,"BSSID":"08:1f:f3:b2:d0:a0","SSID":"aalto open"},"ap13":{"capabilities":"[ESS]","level":-89,"frequency":2462,"BSSID":"a4:56:30:e8:17:60","SSID":"aalto open"},"ap18":{"capabilities":"[ESS]","level":-95,"frequency":2412,"BSSID":"84:38:38:cb:00:13","SSID":"Niki"},"ap16":{"capabilities":"[ESS]","level":-95,"frequency":2412,"BSSID":"00:27:0d:0b:d1:c0","SSID":"aalto open"},"ap17":{"capabilities":"[WPA2-EAP-CCMP][ESS]","level":-91,"frequency":2412,"BSSID":"00:27:0d:08:be:81","SSID":"eduroam"},"ap9":{"capabilities":"[WPA2-EAP-CCMP][ESS]","level":-81,"frequency":2462,"BSSID":"00:27:0d:2d:d0:71","SSID":"eduroam"},"ap8":{"capabilities":"[ESS]","level":-64,"frequency":2412,"BSSID":"00:22:55:df:65:10","SSID":"aalto open"},"ap7":{"capabilities":"[ESS]","level":-80,"frequency":2462,"BSSID":"00:27:0d:2d:d0:70","SSID":"aalto open"},"ap11":{"capabilities":"[IBSS]","level":-87,"frequency":2457,"BSSID":"0e:b6:24:9f:49:f2","SSID":"Portthru"},"ap10":{"capabilities":"[WPA2-PSK-CCMP][ESS]","level":-89,"frequency":2462,"BSSID":"98:0c:82:d7:62:cf","SSID":"motivaatiomuikku"},"ap2":{"capabilities":"[WPA2-EAP-CCMP][ESS]","level":-62,"frequency":2412,"BSSID":"00:22:55:df:65:11","SSID":"eduroam"},"ap1":{"capabilities":"[WPA2-EAP-CCMP][ESS]","level":-75,"frequency":2437,"BSSID":"00:27:0d:2d:dd:c1","SSID":"eduroam"},"ap6":{"capabilities":"[ESS]","level":-76,"frequency":2437,"BSSID":"00:27:0d:2d:dd:c0","SSID":"aalto open"},"ap5":{"capabilities":"[WPA2-PSK-CCMP-preauth][ESS]","level":-83,"frequency":2412,"BSSID":"00:1d:7e:fc:31:06","SSID":"NFC"},"ap4":{"capabilities":"[WPA2-PSK-CCMP][ESS]","level":-81,"frequency":2412,"BSSID":"50:2e:5c:32:b7:22","SSID":"AndroidAP"},"ap3":{"capabilities":"[WPA2-EAP-CCMP][ESS]","level":-76,"frequency":2412,"BSSID":"08:1f:f3:b2:d0:a1","SSID":"eduroam"}},"measurement 14":{"ap14":{"capabilities":"[ESS]","level":-95,"frequency":2412,"BSSID":"00:27:0d:0b:d1:c0","SSID":"aalto open"},"ap15":{"capabilities":"[ESS]","level":-89,"frequency":2412,"BSSID":"00:27:0d:08:bf:10","SSID":"aalto open"},"ap12":{"capabilities":"[WPA2-EAP-CCMP][ESS]","level":-81,"frequency":2412,"BSSID":"08:1f:f3:b2:d0:a1","SSID":"eduroam"},"ap13":{"capabilities":"[ESS]","level":-87,"frequency":2412,"BSSID":"84:38:38:cb:00:13","SSID":"Niki"},"ap18":{"capabilities":"[WPA2-EAP-CCMP][ESS]","level":-92,"frequency":2412,"BSSID":"00:27:0d:08:be:81","SSID":"eduroam"},"ap16":{"capabilities":"[WPA2-EAP-CCMP][ESS]","level":-88,"frequency":2462,"BSSID":"a4:56:30:e8:17:61","SSID":"eduroam"},"ap17":{"capabilities":"[ESS]","level":-89,"frequency":2412,"BSSID":"00:27:0d:08:be:80","SSID":"aalto open"},"ap9":{"capabilities":"[WPA2-PSK-CCMP][ESS]","level":-89,"frequency":2462,"BSSID":"98:0c:82:d7:62:cf","SSID":"motivaatiomuikku"},"ap8":{"capabilities":"[WPA2-EAP-CCMP][ESS]","level":-81,"frequency":2462,"BSSID":"00:27:0d:2d:d0:71","SSID":"eduroam"},"ap7":{"capabilities":"[ESS]","level":-69,"frequency":2412,"BSSID":"00:22:55:df:65:10","SSID":"aalto open"},"ap11":{"capabilities":"[ESS]","level":-78,"frequency":2412,"BSSID":"08:1f:f3:b2:d0:a0","SSID":"aalto open"},"ap10":{"capabilities":"[IBSS]","level":-82,"frequency":2457,"BSSID":"0e:b6:24:9f:49:f2","SSID":"Portthru"},"ap2":{"capabilities":"[WPA2-EAP-CCMP][ESS]","level":-69,"frequency":2412,"BSSID":"00:22:55:df:65:11","SSID":"eduroam"},"ap1":{"capabilities":"[WPA2-EAP-CCMP][ESS]","level":-79,"frequency":2437,"BSSID":"00:27:0d:2d:dd:c1","SSID":"eduroam"},"ap6":{"capabilities":"[ESS]","level":-79,"frequency":2462,"BSSID":"00:27:0d:2d:d0:70","SSID":"aalto open"},"ap5":{"capabilities":"[ESS]","level":-76,"frequency":2437,"BSSID":"00:27:0d:2d:dd:c0","SSID":"aalto open"},"ap4":{"capabilities":"[WPA2-PSK-CCMP-preauth][ESS]","level":-80,"frequency":2412,"BSSID":"00:1d:7e:fc:31:06","SSID":"NFC"},"ap3":{"capabilities":"[WPA2-PSK-CCMP][ESS]","level":-77,"frequency":2412,"BSSID":"50:2e:5c:32:b7:22","SSID":"AndroidAP"}},"measurement 2":{"ap14":{"capabilities":"[ESS]","level":-90,"frequency":2412,"BSSID":"00:27:0d:08:bf:10","SSID":"aalto open"},"ap15":{"capabilities":"[WPA2-EAP-CCMP][ESS]","level":-90,"frequency":2412,"BSSID":"00:27:0d:08:be:81","SSID":"eduroam"},"ap12":{"capabilities":"[ESS]","level":-87,"frequency":2462,"BSSID":"a4:56:30:e8:17:60","SSID":"aalto open"},"ap13":{"capabilities":"[WPA2-EAP-CCMP][ESS]","level":-86,"frequency":2462,"BSSID":"a4:56:30:e8:17:61","SSID":"eduroam"},"ap18":{"capabilities":"[ESS]","level":-93,"frequency":2412,"BSSID":"00:22:55:75:44:90","SSID":"aalto open"},"ap16":{"capabilities":"[ESS]","level":-95,"frequency":2412,"BSSID":"84:38:38:cb:00:13","SSID":"Niki"},"ap17":{"capabilities":"[WPA-PSK-TKIP][WPS][ESS]","level":-92,"frequency":2427,"BSSID":"00:18:84:88:bf:88","SSID":"MyPlace"},"ap9":{"capabilities":"[WPA2-PSK-CCMP][ESS]","level":-89,"frequency":2462,"BSSID":"98:0c:82:d7:62:cf","SSID":"motivaatiomuikku"},"ap8":{"capabilities":"[WPA2-EAP-CCMP][ESS]","level":-81,"frequency":2462,"BSSID":"00:27:0d:2d:d0:71","SSID":"eduroam"},"ap7":{"capabilities":"[ESS]","level":-76,"frequency":2412,"BSSID":"00:22:55:df:65:10","SSID":"aalto open"},"ap11":{"capabilities":"[ESS]","level":-75,"frequency":2412,"BSSID":"08:1f:f3:b2:d0:a0","SSID":"aalto open"},"ap10":{"capabilities":"[IBSS]","level":-90,"frequency":2457,"BSSID":"0e:b6:24:9f:49:f2","SSID":"Portthru"},"ap2":{"capabilities":"[WPA2-EAP-CCMP][ESS]","level":-74,"frequency":2412,"BSSID":"00:22:55:df:65:11","SSID":"eduroam"},"ap1":{"capabilities":"[WPA2-EAP-CCMP][ESS]","level":-75,"frequency":2437,"BSSID":"00:27:0d:2d:dd:c1","SSID":"eduroam"},"ap6":{"capabilities":"[ESS]","level":-77,"frequency":2462,"BSSID":"00:27:0d:2d:d0:70","SSID":"aalto open"},"ap5":{"capabilities":"[ESS]","level":-76,"frequency":2437,"BSSID":"00:27:0d:2d:dd:c0","SSID":"aalto open"},"ap4":{"capabilities":"[WPA2-PSK-CCMP-preauth][ESS]","level":-78,"frequency":2412,"BSSID":"00:1d:7e:fc:31:06","SSID":"NFC"},"ap3":{"capabilities":"[WPA2-PSK-CCMP][ESS]","level":-73,"frequency":2412,"BSSID":"50:2e:5c:32:b7:22","SSID":"AndroidAP"}},"measurement 13":{"ap14":{"capabilities":"[ESS]","level":-91,"frequency":2412,"BSSID":"00:22:55:75:44:90","SSID":"aalto open"},"ap15":{"capabilities":"[ESS]","level":-95,"frequency":2412,"BSSID":"00:27:0d:0b:d1:c0","SSID":"aalto open"},"ap12":{"capabilities":"[WPA2-EAP-CCMP][ESS]","level":-81,"frequency":2412,"BSSID":"08:1f:f3:b2:d0:a1","SSID":"eduroam"},"ap13":{"capabilities":"[ESS]","level":-87,"frequency":2412,"BSSID":"84:38:38:cb:00:13","SSID":"Niki"},"ap18":{"capabilities":"[ESS]","level":-89,"frequency":2412,"BSSID":"00:27:0d:08:be:80","SSID":"aalto open"},"ap16":{"capabilities":"[ESS]","level":-92,"frequency":2412,"BSSID":"00:27:0d:08:bf:10","SSID":"aalto open"},"ap17":{"capabilities":"[WPA2-EAP-CCMP][ESS]","level":-87,"frequency":2462,"BSSID":"a4:56:30:e8:17:61","SSID":"eduroam"},"ap9":{"capabilities":"[WPA2-PSK-CCMP][ESS]","level":-89,"frequency":2462,"BSSID":"98:0c:82:d7:62:cf","SSID":"motivaatiomuikku"},"ap8":{"capabilities":"[WPA2-EAP-CCMP][ESS]","level":-79,"frequency":2462,"BSSID":"00:27:0d:2d:d0:71","SSID":"eduroam"},"ap7":{"capabilities":"[ESS]","level":-72,"frequency":2412,"BSSID":"00:22:55:df:65:10","SSID":"aalto open"},"ap11":{"capabilities":"[ESS]","level":-80,"frequency":2412,"BSSID":"08:1f:f3:b2:d0:a0","SSID":"aalto open"},"ap10":{"capabilities":"[IBSS]","level":-82,"frequency":2457,"BSSID":"0e:b6:24:9f:49:f2","SSID":"Portthru"},"ap2":{"capabilities":"[WPA2-EAP-CCMP][ESS]","level":-68,"frequency":2412,"BSSID":"00:22:55:df:65:11","SSID":"eduroam"},"ap1":{"capabilities":"[WPA2-EAP-CCMP][ESS]","level":-75,"frequency":2437,"BSSID":"00:27:0d:2d:dd:c1","SSID":"eduroam"},"ap6":{"capabilities":"[ESS]","level":-82,"frequency":2462,"BSSID":"00:27:0d:2d:d0:70","SSID":"aalto open"},"ap5":{"capabilities":"[ESS]","level":-75,"frequency":2437,"BSSID":"00:27:0d:2d:dd:c0","SSID":"aalto open"},"ap4":{"capabilities":"[WPA2-PSK-CCMP-preauth][ESS]","level":-81,"frequency":2412,"BSSID":"00:1d:7e:fc:31:06","SSID":"NFC"},"ap3":{"capabilities":"[WPA2-PSK-CCMP][ESS]","level":-80,"frequency":2412,"BSSID":"50:2e:5c:32:b7:22","SSID":"AndroidAP"}},"measurement 3":{"ap14":{"capabilities":"[WPA2-EAP-CCMP][ESS]","level":-90,"frequency":2412,"BSSID":"00:27:0d:08:be:81","SSID":"eduroam"},"ap15":{"capabilities":"[WPA-PSK-TKIP][WPS][ESS]","level":-92,"frequency":2427,"BSSID":"00:18:84:88:bf:88","SSID":"MyPlace"},"ap12":{"capabilities":"[ESS]","level":-87,"frequency":2462,"BSSID":"a4:56:30:e8:17:60","SSID":"aalto open"},"ap13":{"capabilities":"[WPA2-EAP-CCMP][ESS]","level":-86,"frequency":2462,"BSSID":"a4:56:30:e8:17:61","SSID":"eduroam"},"ap16":{"capabilities":"[ESS]","level":-92,"frequency":2412,"BSSID":"00:22:55:75:44:90","SSID":"aalto open"},"ap17":{"capabilities":"[ESS]","level":-90,"frequency":2412,"BSSID":"00:27:0d:0b:d1:c0","SSID":"aalto open"},"ap9":{"capabilities":"[WPA2-PSK-CCMP][ESS]","level":-82,"frequency":2462,"BSSID":"98:0c:82:d7:62:cf","SSID":"motivaatiomuikku"},"ap8":{"capabilities":"[WPA2-EAP-CCMP][ESS]","level":-78,"frequency":2462,"BSSID":"00:27:0d:2d:d0:71","SSID":"eduroam"},"ap7":{"capabilities":"[ESS]","level":-68,"frequency":2412,"BSSID":"00:22:55:df:65:10","SSID":"aalto open"},"ap11":{"capabilities":"[ESS]","level":-77,"frequency":2412,"BSSID":"08:1f:f3:b2:d0:a0","SSID":"aalto open"},"ap10":{"capabilities":"[IBSS]","level":-90,"frequency":2457,"BSSID":"0e:b6:24:9f:49:f2","SSID":"Portthru"},"ap2":{"capabilities":"[WPA2-EAP-CCMP][ESS]","level":-70,"frequency":2412,"BSSID":"00:22:55:df:65:11","SSID":"eduroam"},"ap1":{"capabilities":"[WPA2-EAP-CCMP][ESS]","level":-79,"frequency":2437,"BSSID":"00:27:0d:2d:dd:c1","SSID":"eduroam"},"ap6":{"capabilities":"[ESS]","level":-78,"frequency":2462,"BSSID":"00:27:0d:2d:d0:70","SSID":"aalto open"},"ap5":{"capabilities":"[ESS]","level":-78,"frequency":2437,"BSSID":"00:27:0d:2d:dd:c0","SSID":"aalto open"},"ap4":{"capabilities":"[WPA2-PSK-CCMP-preauth][ESS]","level":-80,"frequency":2412,"BSSID":"00:1d:7e:fc:31:06","SSID":"NFC"},"ap3":{"capabilities":"[WPA2-PSK-CCMP][ESS]","level":-76,"frequency":2412,"BSSID":"50:2e:5c:32:b7:22","SSID":"AndroidAP"}},"measurement 15":{"ap14":{"capabilities":"[WPA2-EAP-CCMP][ESS]","level":-88,"frequency":2462,"BSSID":"a4:56:30:e8:17:61","SSID":"eduroam"},"ap15":{"capabilities":"[ESS]","level":-89,"frequency":2412,"BSSID":"00:27:0d:08:be:80","SSID":"aalto open"},"ap12":{"capabilities":"[WPA2-EAP-CCMP][ESS]","level":-80,"frequency":2412,"BSSID":"08:1f:f3:b2:d0:a1","SSID":"eduroam"},"ap13":{"capabilities":"[ESS]","level":-92,"frequency":2412,"BSSID":"00:27:0d:08:bf:10","SSID":"aalto open"},"ap16":{"capabilities":"[WPA2-EAP-CCMP][ESS]","level":-91,"frequency":2412,"BSSID":"00:27:0d:08:be:81","SSID":"eduroam"},"ap9":{"capabilities":"[WPA2-PSK-CCMP][ESS]","level":-88,"frequency":2462,"BSSID":"98:0c:82:d7:62:cf","SSID":"motivaatiomuikku"},"ap8":{"capabilities":"[WPA2-EAP-CCMP][ESS]","level":-77,"frequency":2462,"BSSID":"00:27:0d:2d:d0:71","SSID":"eduroam"},"ap7":{"capabilities":"[ESS]","level":-69,"frequency":2412,"BSSID":"00:22:55:df:65:10","SSID":"aalto open"},"ap11":{"capabilities":"[ESS]","level":-78,"frequency":2412,"BSSID":"08:1f:f3:b2:d0:a0","SSID":"aalto open"},"ap10":{"capabilities":"[IBSS]","level":-88,"frequency":2457,"BSSID":"0e:b6:24:9f:49:f2","SSID":"Portthru"},"ap2":{"capabilities":"[WPA2-EAP-CCMP][ESS]","level":-70,"frequency":2412,"BSSID":"00:22:55:df:65:11","SSID":"eduroam"},"ap1":{"capabilities":"[WPA2-EAP-CCMP][ESS]","level":-72,"frequency":2437,"BSSID":"00:27:0d:2d:dd:c1","SSID":"eduroam"},"ap6":{"capabilities":"[ESS]","level":-80,"frequency":2462,"BSSID":"00:27:0d:2d:d0:70","SSID":"aalto open"},"ap5":{"capabilities":"[ESS]","level":-75,"frequency":2437,"BSSID":"00:27:0d:2d:dd:c0","SSID":"aalto open"},"ap4":{"capabilities":"[WPA2-PSK-CCMP-preauth][ESS]","level":-81,"frequency":2412,"BSSID":"00:1d:7e:fc:31:06","SSID":"NFC"},"ap3":{"capabilities":"[WPA2-PSK-CCMP][ESS]","level":-78,"frequency":2412,"BSSID":"50:2e:5c:32:b7:22","SSID":"AndroidAP"}}}